Date,Jour Mois,Jour Semaine,Price,Fear and Greed
05.02.2018,5,lun.,"8699,8",11
06.02.2018,6,mar.,"8559,6",8
07.02.2018,7,mer.,"8081,9",36
08.02.2018,8,jeu.,"8903,5",30
09.02.2018,9,ven.,"8539,2",44
10.02.2018,10,sam.,"9476,3",54
11.02.2018,11,dim.,"10037,30",31
12.02.2018,12,lun.,"10178,70",42
13.02.2018,13,mar.,"11073,50",35
14.02.2018,14,mer.,"10398,80",55
15.02.2018,15,jeu.,"11169,40",71
16.02.2018,16,ven.,"11238,70",67
17.02.2018,17,sam.,"10473,00",74
18.02.2018,18,dim.,"9841,7",63
19.02.2018,19,lun.,"10170,40",67
20.02.2018,20,mar.,"9704,3",74
21.02.2018,21,mer.,"9585,2",54
22.02.2018,22,jeu.,"10285,10",44
23.02.2018,23,ven.,"10594,40",39
24.02.2018,24,sam.,"10333,90",31
25.02.2018,25,dim.,"10904,50",33
26.02.2018,26,lun.,"10827,70",37
27.02.2018,27,mar.,"11402,30",44
28.02.2018,28,mer.,"11416,50",41
01.03.2018,1,jeu.,"11330,60",38
02.03.2018,2,ven.,"10675,10",47
03.03.2018,3,sam.,"9902,9",56
04.03.2018,4,dim.,"9300,00",44
05.03.2018,5,lun.,"9217,00",55
06.03.2018,6,mar.,"8762,00",59
07.03.2018,7,mer.,"9529,6",37
08.03.2018,8,jeu.,"9137,4",39
09.03.2018,9,ven.,"9154,9",37
10.03.2018,10,sam.,"8210,6",39
11.03.2018,11,dim.,"8264,4",40
12.03.2018,12,lun.,"8289,2",41
13.03.2018,13,mar.,"7874,9",41
14.03.2018,14,mer.,"8201,2",40
15.03.2018,15,jeu.,"8616,8",32
16.03.2018,16,ven.,"8912,6",33
17.03.2018,17,sam.,"8905,9",31
18.03.2018,18,dim.,"8726,2",29
19.03.2018,19,lun.,"8916,8",29
20.03.2018,20,mar.,"8547,4",37
21.03.2018,21,mer.,"8473,2",36
22.03.2018,22,jeu.,"8143,5",36
23.03.2018,23,ven.,"7801,7",28
24.03.2018,24,sam.,"7954,9",32
25.03.2018,25,dim.,"7129,2",30
26.03.2018,26,lun.,"6853,7",31
27.03.2018,27,mar.,"6938,2",24
28.03.2018,28,mer.,"6825,2",24
29.03.2018,29,jeu.,"7068,4",18
30.03.2018,30,ven.,"7424,2",12
31.03.2018,31,sam.,"6808,9",16
01.04.2018,1,dim.,"6782,00",16
02.04.2018,2,lun.,"6624,3",11
03.04.2018,3,mar.,"6905,7",22
04.04.2018,4,mer.,"7030,5",22
05.04.2018,5,jeu.,"6781,9",17
06.04.2018,6,ven.,"6854,8",19
07.04.2018,7,sam.,"6962,1",20
08.04.2018,8,dim.,"7926,6",17
09.04.2018,9,lun.,"7887,4",21
10.04.2018,10,mar.,"8004,4",18
11.04.2018,11,mer.,"8363,6",20
12.04.2018,12,jeu.,"8070,00",18
13.04.2018,13,ven.,"7908,6",23
17.04.2018,17,mar.,"8178,4",26
18.04.2018,18,mer.,"8290,8",24
19.04.2018,19,jeu.,"8867,00",25
20.04.2018,20,ven.,"8923,1",26
21.04.2018,21,sam.,"8806,7",32
22.04.2018,22,dim.,"8952,8",31
23.04.2018,23,lun.,"9645,3",28
24.04.2018,24,mar.,"8873,1",29
25.04.2018,25,mer.,"9287,00",64
26.04.2018,26,jeu.,"8940,9",47
27.04.2018,27,ven.,"9352,4",55
28.04.2018,28,sam.,"9415,1",54
29.04.2018,29,dim.,"9245,1",61
30.04.2018,30,lun.,"9074,9",59
01.05.2018,1,mar.,"9243,2",56
02.05.2018,2,mer.,"9749,7",52
03.05.2018,3,jeu.,"9708,6",55
04.05.2018,4,ven.,"9853,5",56
05.05.2018,5,sam.,"9656,4",63
06.05.2018,6,dim.,"9431,6",67
07.05.2018,7,lun.,"9196,4",56
08.05.2018,8,mar.,"9319,1",62
09.05.2018,9,mer.,"9025,7",53
10.05.2018,10,jeu.,"8408,3",63
11.05.2018,11,ven.,"8459,5",41
12.05.2018,12,sam.,"8693,5",44
13.05.2018,13,dim.,"8674,1",40
14.05.2018,14,lun.,"8477,00",40
15.05.2018,15,mar.,"8344,4",40
16.05.2018,16,mer.,"8063,00",32
17.05.2018,17,jeu.,"8245,7",31
18.05.2018,18,ven.,"8245,1",37
19.05.2018,19,sam.,"8529,00",31
20.05.2018,20,dim.,"8403,3",32
21.05.2018,21,lun.,"8006,00",41
22.05.2018,22,mar.,"7512,3",30
23.05.2018,23,mer.,"7592,9",26
24.05.2018,24,jeu.,"7477,7",27
25.05.2018,25,ven.,"7361,3",25
26.05.2018,26,sam.,"7366,7",23
27.05.2018,27,dim.,"7119,3",19
28.05.2018,28,lun.,"7467,7",22
29.05.2018,29,mar.,"7400,1",16
30.05.2018,30,mer.,"7502,6",38
31.05.2018,31,jeu.,"7530,8",25
01.06.2018,1,ven.,"7646,6",24
02.06.2018,2,sam.,"7729,3",27
03.06.2018,3,dim.,"7504,3",40
04.06.2018,4,lun.,"7631,5",41
05.06.2018,5,mar.,"7661,00",26
06.06.2018,6,mer.,"7697,8",42
07.06.2018,7,jeu.,"7622,1",38
08.06.2018,8,ven.,"7515,8",40
09.06.2018,9,sam.,"6775,1",39
10.06.2018,10,dim.,"6885,9",24
11.06.2018,11,lun.,"6558,2",15
12.06.2018,12,mar.,"6312,3",19
13.06.2018,13,mer.,"6647,1",19
14.06.2018,14,jeu.,"6410,3",17
15.06.2018,15,ven.,"6505,8",26
16.06.2018,16,sam.,"6460,3",22
17.06.2018,17,dim.,"6719,8",23
18.06.2018,18,lun.,"6752,4",27
19.06.2018,19,mar.,"6765,4",32
20.06.2018,20,mer.,"6728,00",34
21.06.2018,21,jeu.,"6055,7",37
22.06.2018,22,ven.,"6167,3",28
23.06.2018,23,sam.,"6154,6",17
24.06.2018,24,dim.,"6256,6",15
25.06.2018,25,lun.,"6082,1",16
26.06.2018,26,mar.,"6154,9",21
27.06.2018,27,mer.,"5883,5",18
28.06.2018,28,jeu.,"6213,3",20
29.06.2018,29,ven.,"6398,9",16
30.06.2018,30,sam.,"6366,8",22
01.07.2018,1,dim.,"6619,5",27
02.07.2018,2,lun.,"6513,5",27
03.07.2018,3,mar.,"6598,4",31
04.07.2018,4,mer.,"6546,5",33
05.07.2018,5,jeu.,"6617,7",37
06.07.2018,6,ven.,"6765,5",34
07.07.2018,7,sam.,"6714,8",34
08.07.2018,8,dim.,"6667,1",38
09.07.2018,9,lun.,"6307,2",39
10.07.2018,10,mar.,"6389,1",37
11.07.2018,11,mer.,"6250,6",29
12.07.2018,12,jeu.,"6230,2",33
13.07.2018,13,ven.,"6254,8",29
14.07.2018,14,sam.,"6362,9",29
15.07.2018,15,dim.,"6729,9",32
16.07.2018,16,lun.,"7322,00",36
17.07.2018,17,mar.,"7383,6",39
18.07.2018,18,mer.,"7477,5",42
19.07.2018,19,jeu.,"7339,4",44
20.07.2018,20,ven.,"7408,7",47
21.07.2018,21,sam.,"7412,3",43
22.07.2018,22,dim.,"7723,00",46
23.07.2018,23,lun.,"8407,00",44
24.07.2018,24,mar.,"8173,7",49
25.07.2018,25,mer.,"7937,00",54
26.07.2018,26,jeu.,"8187,4",53
27.07.2018,27,ven.,"8234,1",47
28.07.2018,28,sam.,"8215,6",54
29.07.2018,29,dim.,"8177,1",54
30.07.2018,30,lun.,"7729,4",53
31.07.2018,31,mar.,"7606,4",48
01.08.2018,1,mer.,"7535,6",39
02.08.2018,2,jeu.,"7419,00",39
03.08.2018,3,ven.,"7014,3",36
04.08.2018,4,sam.,"7027,1",31
05.08.2018,5,dim.,"6943,6",23
06.08.2018,6,lun.,"6724,9",25
07.08.2018,7,mar.,"6283,6",25
08.08.2018,8,mer.,"6538,8",23
09.08.2018,9,jeu.,"6152,3",19
10.08.2018,10,ven.,"6231,6",21
11.08.2018,11,sam.,"6313,00",18
12.08.2018,12,dim.,"6255,3",18
13.08.2018,13,lun.,"6190,2",21
14.08.2018,14,mar.,"6256,9",16
15.08.2018,15,mer.,"6306,7",18
16.08.2018,16,jeu.,"6581,7",21
17.08.2018,17,ven.,"6379,1",19
18.08.2018,18,sam.,"6481,5",24
19.08.2018,19,dim.,"6268,1",27
20.08.2018,20,lun.,"6482,2",26
21.08.2018,21,mar.,"6359,6",19
22.08.2018,22,mer.,"6521,2",21
23.08.2018,23,jeu.,"6680,4",18
24.08.2018,24,ven.,"6734,8",19
25.08.2018,25,sam.,"6712,7",22
26.08.2018,26,dim.,"6897,6",19
27.08.2018,27,lun.,"7074,6",18
28.08.2018,28,mar.,"7029,1",19
29.08.2018,29,mer.,"6993,7",19
30.08.2018,30,jeu.,"7033,8",22
31.08.2018,31,ven.,"7189,6",17
01.09.2018,1,sam.,"7293,9",21
02.09.2018,2,dim.,"7264,2",18
03.09.2018,3,lun.,"7377,5",19
04.09.2018,4,mar.,"6706,8",26
05.09.2018,5,mer.,"6514,00",17
06.09.2018,6,jeu.,"6390,9",14
07.09.2018,7,ven.,"6184,3",17
08.09.2018,8,sam.,"6238,5",18
09.09.2018,9,dim.,"6321,00",13
10.09.2018,10,lun.,"6293,9",15
11.09.2018,11,mar.,"6338,00",18
12.09.2018,12,mer.,"6482,9",14
13.09.2018,13,jeu.,"6483,7",20
14.09.2018,14,ven.,"6519,00",23
15.09.2018,15,sam.,"6500,2",24
16.09.2018,16,dim.,"6251,9",28
17.09.2018,17,lun.,"6342,00",25
18.09.2018,18,mar.,"6390,4",21
19.09.2018,19,mer.,"6489,2",24
20.09.2018,20,jeu.,"6766,7",24
21.09.2018,21,ven.,"6729,6",31
22.09.2018,22,sam.,"6704,1",35
23.09.2018,23,dim.,"6584,1",38
24.09.2018,24,lun.,"6445,1",43
25.09.2018,25,mar.,"6468,1",37
26.09.2018,26,mer.,"6689,2",37
27.09.2018,27,jeu.,"6636,00",42
28.09.2018,28,ven.,"6603,9",42
29.09.2018,29,sam.,"6635,2",37
30.09.2018,30,dim.,"6608,2",34
01.10.2018,1,lun.,"6549,9",35
02.10.2018,2,mar.,"6507,8",33
03.10.2018,3,mer.,"6584,2",36
04.10.2018,4,jeu.,"6639,1",29
05.10.2018,5,ven.,"6596,3",37
06.10.2018,6,sam.,"6611,00",34
07.10.2018,7,dim.,"6669,6",29
08.10.2018,8,lun.,"6650,8",26
09.10.2018,9,mar.,"6618,00",31
10.10.2018,10,mer.,"6239,1",28
11.10.2018,11,jeu.,"6291,3",19
12.10.2018,12,ven.,"6321,7",13
13.10.2018,13,sam.,"6326,8",15
14.10.2018,14,dim.,"6699,8",18
15.10.2018,15,lun.,"6705,3",20
16.10.2018,16,mar.,"6686,6",24
17.10.2018,17,mer.,"6574,1",23
18.10.2018,18,jeu.,"6512,00",26
19.10.2018,19,ven.,"6572,2",24
20.10.2018,20,sam.,"6583,00",21
21.10.2018,21,dim.,"6555,8",21
22.10.2018,22,lun.,"6528,7",27
23.10.2018,23,mar.,"6530,7",24
24.10.2018,24,mer.,"6507,00",23
25.10.2018,25,jeu.,"6510,00",25
26.10.2018,26,ven.,"6494,2",29
27.10.2018,27,sam.,"6486,1",33
28.10.2018,28,dim.,"6335,00",35
29.10.2018,29,lun.,"6325,7",34
30.10.2018,30,mar.,"6365,9",31
31.10.2018,31,mer.,"6400,5",32
01.11.2018,1,jeu.,"6424,7",29
02.11.2018,2,ven.,"6386,2",36
03.11.2018,3,sam.,"6478,2",36
04.11.2018,4,dim.,"6459,7",41
05.11.2018,5,lun.,"6502,8",42
06.11.2018,6,mar.,"6565,3",42
07.11.2018,7,mer.,"6474,00",48
08.11.2018,8,jeu.,"6412,00",51
09.11.2018,9,ven.,"6427,1",47
10.11.2018,10,sam.,"6446,1",52
11.11.2018,11,dim.,"6435,00",54
12.11.2018,12,lun.,"6429,2",52
13.11.2018,13,mar.,"5842,4",56
14.11.2018,14,mer.,"5718,9",49
15.11.2018,15,jeu.,"5636,2",28
16.11.2018,16,ven.,"5621,8",23
17.11.2018,17,sam.,"5658,3",24
18.11.2018,18,dim.,"4883,8",26
19.11.2018,19,lun.,"4524,6",28
20.11.2018,20,mar.,"4638,7",21
21.11.2018,21,mer.,"4356,00",15
22.11.2018,22,jeu.,"4398,00",14
23.11.2018,23,ven.,"3920,4",12
24.11.2018,24,sam.,"4062,2",15
25.11.2018,25,dim.,"3837,00",9
26.11.2018,26,lun.,"3866,5",17
27.11.2018,27,mar.,"4265,4",11
28.11.2018,28,mer.,"4296,5",14
29.11.2018,29,jeu.,"4039,7",18
30.11.2018,30,ven.,"4196,2",19
01.12.2018,1,sam.,"4160,4",13
02.12.2018,2,dim.,"3897,8",15
03.12.2018,3,lun.,"3958,5",17
04.12.2018,4,mar.,"3771,6",12
05.12.2018,5,mer.,"3508,6",19
06.12.2018,6,jeu.,"3422,2",13
07.12.2018,7,ven.,"3430,4",11
08.12.2018,8,sam.,"3567,5",11
09.12.2018,9,dim.,"3460,5",14
10.12.2018,10,lun.,"3407,7",19
11.12.2018,11,mar.,"3466,1",15
12.12.2018,12,mer.,"3315,3",14
13.12.2018,13,jeu.,"3247,8",14
14.12.2018,14,ven.,"3228,7",10
15.12.2018,15,sam.,"3247,9",11
16.12.2018,16,dim.,"3526,1",13
17.12.2018,17,lun.,"3668,00",17
18.12.2018,18,mar.,"3687,1",23
19.12.2018,19,mer.,"4076,00",21
20.12.2018,20,jeu.,"3850,9",27
21.12.2018,21,ven.,"3964,4",35
22.12.2018,22,sam.,"3944,4",28
23.12.2018,23,dim.,"4026,1",31
24.12.2018,24,lun.,"3762,5",25
25.12.2018,25,mar.,"3793,7",33
26.12.2018,26,mer.,"3586,9",26
27.12.2018,27,jeu.,"3861,6",29
28.12.2018,28,ven.,"3706,8",21
29.12.2018,29,sam.,"3815,00",24
30.12.2018,30,dim.,"3709,4",23
31.12.2018,31,lun.,"3809,4",26
01.01.2019,1,mar.,"3873,8",24
02.01.2019,2,mer.,"3780,1",30
03.01.2019,3,jeu.,"3802,7",33
04.01.2019,4,ven.,"3785,4",48
05.01.2019,5,sam.,"4004,1",36
06.01.2019,6,dim.,"3985,9",31
07.01.2019,7,lun.,"3971,00",39
08.01.2019,8,mar.,"3978,00",39
09.01.2019,9,mer.,"3603,7",42
10.01.2019,10,jeu.,"3616,5",37
11.01.2019,11,ven.,"3597,2",19
12.01.2019,12,sam.,"3490,2",22
13.01.2019,13,dim.,"3638,1",21
14.01.2019,14,lun.,"3571,3",16
15.01.2019,15,mar.,"3588,00",27
16.01.2019,16,mer.,"3626,4",24
17.01.2019,17,jeu.,"3605,6",28
18.01.2019,18,ven.,"3677,8",29
19.01.2019,19,sam.,"3542,3",31
20.01.2019,20,dim.,"3536,7",35
21.01.2019,21,lun.,"3580,1",30
22.01.2019,22,mar.,"3561,5",27
23.01.2019,23,mer.,"3574,3",33
24.01.2019,24,jeu.,"3572,00",37
25.01.2019,25,ven.,"3570,9",35
26.01.2019,26,sam.,"3555,6",41
27.01.2019,27,dim.,"3442,8",39
28.01.2019,28,lun.,"3414,8",35
29.01.2019,29,mar.,"3460,00",21
30.01.2019,30,mer.,"3437,2",22
31.01.2019,31,jeu.,"3467,9",17
01.02.2019,1,ven.,"3502,5",23
02.02.2019,2,sam.,"3459,1",22
03.02.2019,3,dim.,"3462,8",19
04.02.2019,4,lun.,"3468,4",27
05.02.2019,5,mar.,"3404,3",21
06.02.2019,6,mer.,"3397,7",14
07.02.2019,7,jeu.,"3661,7",18
08.02.2019,8,ven.,"3661,4",37
09.02.2019,9,sam.,"3679,00",42
10.02.2019,10,dim.,"3631,8",40
11.02.2019,11,lun.,"3632,00",46
12.02.2019,12,mar.,"3611,5",38
13.02.2019,13,mer.,"3592,6",48
14.02.2019,14,jeu.,"3604,7",48
15.02.2019,15,ven.,"3616,8",43
16.02.2019,16,sam.,"3664,2",43
17.02.2019,17,dim.,"3896,00",38
18.02.2019,18,lun.,"3914,3",63
19.02.2019,19,mar.,"3972,4",65
20.02.2019,20,mer.,"3936,6",59
21.02.2019,21,jeu.,"3965,2",59
22.02.2019,22,ven.,"4120,4",61
23.02.2019,23,sam.,"3755,2",63
24.02.2019,24,dim.,"3833,7",69
25.02.2019,25,lun.,"3810,3",47
26.02.2019,26,mar.,"3814,6",40
27.02.2019,27,mer.,"3816,6",39
28.02.2019,28,jeu.,"3821,9",39
01.03.2019,1,ven.,"3823,1",42
02.03.2019,2,sam.,"3809,5",41
03.03.2019,3,dim.,"3715,9",44
04.03.2019,4,lun.,"3857,2",36
05.03.2019,5,mar.,"3863,00",35
06.03.2019,6,mer.,"3875,1",42
07.03.2019,7,jeu.,"3865,9",56
08.03.2019,8,ven.,"3944,3",54
09.03.2019,9,sam.,"3915,2",55
10.03.2019,10,dim.,"3870,3",55
11.03.2019,11,lun.,"3886,00",56
12.03.2019,12,mar.,"3865,1",56
13.03.2019,13,mer.,"3879,00",54
14.03.2019,14,jeu.,"3924,3",55
15.03.2019,15,ven.,"4006,4",55
16.03.2019,16,sam.,"3981,5",54
17.03.2019,17,dim.,"3990,2",58
18.03.2019,18,lun.,"4017,00",56
19.03.2019,19,mar.,"4041,2",56
20.03.2019,20,mer.,"3982,2",55
21.03.2019,21,jeu.,"3990,4",62
22.03.2019,22,ven.,"4002,5",56
23.03.2019,23,sam.,"3994,7",50
24.03.2019,24,dim.,"3937,00",44
25.03.2019,25,lun.,"3942,8",46
26.03.2019,26,mar.,"4041,7",43
27.03.2019,27,mer.,"4025,6",44
28.03.2019,28,jeu.,"4102,2",49
29.03.2019,29,ven.,"4111,8",50
30.03.2019,30,sam.,"4102,3",57
31.03.2019,31,dim.,"4145,1",56
01.04.2019,1,lun.,"4859,3",62
02.04.2019,2,mar.,"4968,7",60
03.04.2019,3,mer.,"4902,4",71
04.04.2019,4,jeu.,"5010,2",61
05.04.2019,5,ven.,"5046,2",59
06.04.2019,6,sam.,"5173,6",65
07.04.2019,7,dim.,"5245,2",69
08.04.2019,8,lun.,"5158,4",65
09.04.2019,9,mar.,"5307,8",64
10.04.2019,10,mer.,"5022,6",62
11.04.2019,11,jeu.,"5054,2",65
12.04.2019,12,ven.,"5051,8",42
13.04.2019,13,sam.,"5134,8",62
14.04.2019,14,dim.,"5032,3",51
15.04.2019,15,lun.,"5180,9",60
16.04.2019,16,mar.,"5208,3",50
17.04.2019,17,mer.,"5264,7",61
18.04.2019,18,jeu.,"5241,00",64
19.04.2019,19,ven.,"5290,2",61
20.04.2019,20,sam.,"5243,5",62
21.04.2019,21,dim.,"5346,7",62
22.04.2019,22,lun.,"5511,6",61
23.04.2019,23,mar.,"5415,6",68
24.04.2019,24,mer.,"5209,1",65
25.04.2019,25,jeu.,"5298,3",58
26.04.2019,26,ven.,"5265,9",41
27.04.2019,27,sam.,"5302,3",42
28.04.2019,28,dim.,"5235,00",40
29.04.2019,29,lun.,"5320,8",42
30.04.2019,30,mar.,"5384,2",42
01.05.2019,1,mer.,"5493,8",51
02.05.2019,2,jeu.,"5766,8",50
03.05.2019,3,ven.,"5830,9",63
04.05.2019,4,sam.,"5774,9",66
05.05.2019,5,dim.,"5745,1",67
06.05.2019,6,lun.,"5849,5",57
07.05.2019,7,mar.,"5990,3",69
08.05.2019,8,mer.,"6191,5",63
09.05.2019,9,jeu.,"6386,00",69
10.05.2019,10,ven.,"7190,3",71
11.05.2019,11,sam.,"6984,8",76
12.05.2019,12,dim.,"7806,00",75
13.05.2019,13,lun.,"7994,6",78
14.05.2019,14,mar.,"8164,6",78
15.05.2019,15,mer.,"7871,8",77
16.05.2019,16,jeu.,"7359,5",75
17.05.2019,17,ven.,"7262,6",65
18.05.2019,18,sam.,"8157,2",67
19.05.2019,19,dim.,"7965,3",70
20.05.2019,20,lun.,"7930,3",73
21.05.2019,21,mar.,"7635,7",68
22.05.2019,22,mer.,"7852,1",69
23.05.2019,23,jeu.,"7970,1",65
24.05.2019,24,ven.,"8027,4",64
25.05.2019,25,sam.,"8630,2",69
26.05.2019,26,dim.,"8760,1",67
27.05.2019,27,lun.,"8716,3",70
28.05.2019,28,mar.,"8647,8",71
29.05.2019,29,mer.,"8271,9",71
30.05.2019,30,jeu.,"8558,3",73
31.05.2019,31,ven.,"8545,7",61
01.06.2019,1,sam.,"8728,6",62
02.06.2019,2,dim.,"8124,8",63
03.06.2019,3,lun.,"7685,5",66
04.06.2019,4,mar.,"7779,1",42
05.06.2019,5,mer.,"7784,9",27
06.06.2019,6,jeu.,"7985,2",34
07.06.2019,7,ven.,"7901,4",27
08.06.2019,8,sam.,"7635,00",62
09.06.2019,9,dim.,"7987,8",62
10.06.2019,10,lun.,"7888,00",46
11.06.2019,11,mar.,"8133,1",61
12.06.2019,12,mer.,"8219,00",60
13.06.2019,13,jeu.,"8656,1",63
14.06.2019,14,ven.,"8812,5",67
15.06.2019,15,sam.,"8962,5",75
16.06.2019,16,dim.,"9318,8",80
17.06.2019,17,lun.,"9080,6",84
18.06.2019,18,mar.,"9255,4",83
19.06.2019,19,mer.,"9517,00",82
20.06.2019,20,jeu.,"10179,30",81
21.06.2019,21,ven.,"10721,70",84
22.06.2019,22,sam.,"10897,10",83
23.06.2019,23,dim.,"11046,40",84
24.06.2019,24,lun.,"11809,90",80
25.06.2019,25,mar.,"13063,80",87
26.06.2019,26,mer.,"11287,80",95
27.06.2019,27,jeu.,"12409,10",92
28.06.2019,28,ven.,"11906,50",62
29.06.2019,29,sam.,"10818,60",74
30.06.2019,30,dim.,"10616,60",78
01.07.2019,1,lun.,"10835,90",65
02.07.2019,2,mar.,"11900,80",63
03.07.2019,3,mer.,"11163,10",79
04.07.2019,4,jeu.,"10970,20",76
05.07.2019,5,ven.,"11268,00",67
06.07.2019,6,sam.,"11415,90",72
07.07.2019,7,dim.,"12252,60",67
08.07.2019,8,lun.,"12541,50",74
09.07.2019,9,mar.,"12110,60",84
10.07.2019,10,mer.,"11342,30",83
11.07.2019,11,jeu.,"11762,10",62
12.07.2019,12,ven.,"11364,90",33
13.07.2019,13,sam.,"10200,10",65
14.07.2019,14,dim.,"10845,90",61
15.07.2019,15,lun.,"9424,8",16
16.07.2019,16,mar.,"9723,2",34
17.07.2019,17,mer.,"10651,40",19
18.07.2019,18,jeu.,"10571,50",40
19.07.2019,19,ven.,"10826,70",42
20.07.2019,20,sam.,"10714,40",34
21.07.2019,21,dim.,"10412,50",42
22.07.2019,22,lun.,"9888,7",42
23.07.2019,23,mar.,"9804,3",40
24.07.2019,24,mer.,"9945,3",20
25.07.2019,25,jeu.,"9831,00",42
26.07.2019,26,ven.,"9492,1",24
27.07.2019,27,sam.,"9727,8",47
28.07.2019,28,dim.,"9580,9",16
29.07.2019,29,lun.,"9580,7",19
30.07.2019,30,mar.,"10082,00",22
31.07.2019,31,mer.,"10380,00",31
01.08.2019,1,jeu.,"10520,10",57
02.08.2019,2,ven.,"10815,70",61
03.08.2019,3,sam.,"10934,60",61
04.08.2019,4,dim.,"11816,80",62
05.08.2019,5,lun.,"11480,90",64
06.08.2019,6,mar.,"12013,90",66
07.08.2019,7,mer.,"12191,60",45
08.08.2019,8,jeu.,"12089,80",61
09.08.2019,9,ven.,"11314,50",60
10.08.2019,10,sam.,"11517,20",59
11.08.2019,11,dim.,"11394,20",45
12.08.2019,12,lun.,"10892,90",48
13.08.2019,13,mar.,"10049,40",45
14.08.2019,14,mer.,"10303,40",11
15.08.2019,15,jeu.,"10335,60",13
16.08.2019,16,ven.,"10218,10",31
17.08.2019,17,sam.,"10312,70",20
18.08.2019,18,dim.,"10910,70",14
19.08.2019,19,lun.,"10752,60",30
20.08.2019,20,mar.,"10141,50",39
21.08.2019,21,mer.,"10105,00",11
22.08.2019,22,jeu.,"10388,70",5
23.08.2019,23,ven.,"10131,00",33
24.08.2019,24,sam.,"10136,30",39
25.08.2019,25,dim.,"10371,80",33
26.08.2019,26,lun.,"10184,80",41
27.08.2019,27,mar.,"9729,4",30
28.08.2019,28,mer.,"9491,00",32
29.08.2019,29,jeu.,"9585,4",20
30.08.2019,30,ven.,"9594,4",24
31.08.2019,31,sam.,"9729,3",20
01.09.2019,1,dim.,"10348,80",24
02.09.2019,2,lun.,"10612,30",28
03.09.2019,3,mar.,"10568,20",41
04.09.2019,4,mer.,"10566,90",43
05.09.2019,5,jeu.,"10309,30",41
06.09.2019,6,ven.,"10461,10",43
07.09.2019,7,sam.,"10402,80",39
08.09.2019,8,dim.,"10309,00",43
09.09.2019,9,lun.,"10105,40",41
10.09.2019,10,mar.,"10162,50",41
11.09.2019,11,mer.,"10415,10",38
12.09.2019,12,jeu.,"10342,10",39
13.09.2019,13,ven.,"10337,30",38
14.09.2019,14,sam.,"10311,50",39
15.09.2019,15,dim.,"10255,50",38
16.09.2019,16,lun.,"10195,70",38
17.09.2019,17,mar.,"10164,70",41
18.09.2019,18,mer.,"10250,50",38
19.09.2019,19,jeu.,"10172,70",31
20.09.2019,20,ven.,"9993,00",41
21.09.2019,21,sam.,"10031,60",37
22.09.2019,22,dim.,"9702,2",37
23.09.2019,23,lun.,"8513,9",41
24.09.2019,24,mar.,"8432,4",39
25.09.2019,25,mer.,"8063,8",15
26.09.2019,26,jeu.,"8184,9",12
27.09.2019,27,ven.,"8208,5",24
28.09.2019,28,sam.,"8049,1",32
29.09.2019,29,dim.,"8284,3",33
30.09.2019,30,lun.,"8302,7",27
01.10.2019,1,mar.,"8364,1",38
02.10.2019,2,mer.,"8226,9",39
03.10.2019,3,jeu.,"8148,1",37
04.10.2019,4,ven.,"8127,3",30
05.10.2019,5,sam.,"7881,9",31
06.10.2019,6,dim.,"8198,6",32
07.10.2019,7,lun.,"8182,9",27
08.10.2019,8,mar.,"8566,7",39
09.10.2019,9,mer.,"8562,3",37
10.10.2019,10,jeu.,"8267,8",41
11.10.2019,11,ven.,"8304,4",39
12.10.2019,12,sam.,"8281,5",38
13.10.2019,13,dim.,"8353,3",38
14.10.2019,14,lun.,"8167,2",37
15.10.2019,15,mar.,"8000,4",39
16.10.2019,16,mer.,"8073,3",40
17.10.2019,17,jeu.,"7948,5",40
18.10.2019,18,ven.,"7957,3",40
19.10.2019,19,sam.,"8223,4",41
20.10.2019,20,dim.,"8208,2",37
21.10.2019,21,lun.,"8031,4",37
22.10.2019,22,mar.,"7477,00",39
23.10.2019,23,mer.,"7422,7",33
24.10.2019,24,jeu.,"8658,3",20
25.10.2019,25,ven.,"9230,6",24
26.10.2019,26,sam.,"9529,6",53
27.10.2019,27,dim.,"9207,2",50
28.10.2019,28,lun.,"9411,3",52
29.10.2019,29,mar.,"9157,9",54
30.10.2019,30,mer.,"9152,6",53
31.10.2019,31,jeu.,"9230,1",50
01.11.2019,1,ven.,"9300,6",49
02.11.2019,2,sam.,"9198,3",51
03.11.2019,3,dim.,"9396,4",56
04.11.2019,4,lun.,"9310,8",49
05.11.2019,5,mar.,"9338,9",54
06.11.2019,6,mer.,"9223,5",53
07.11.2019,7,jeu.,"8778,2",54
08.11.2019,8,ven.,"8804,5",42
09.11.2019,9,sam.,"9036,8",38
10.11.2019,10,dim.,"8736,9",39
11.11.2019,11,lun.,"8812,6",40
12.11.2019,12,mar.,"8783,1",39
13.11.2019,13,mer.,"8661,2",38
14.11.2019,14,jeu.,"8476,3",41
15.11.2019,15,ven.,"8497,3",38
16.11.2019,16,sam.,"8509,8",41
17.11.2019,17,dim.,"8208,4",38
18.11.2019,18,lun.,"8145,7",38
19.11.2019,19,mar.,"8099,3",32
20.11.2019,20,mer.,"7627,9",32
21.11.2019,21,jeu.,"7272,5",30
22.11.2019,22,ven.,"7324,1",20
23.11.2019,23,sam.,"6924,7",23
24.11.2019,24,dim.,"7115,6",21
25.11.2019,25,lun.,"7162,8",17
26.11.2019,26,mar.,"7510,6",21
27.11.2019,27,mer.,"7426,7",20
28.11.2019,28,jeu.,"7742,7",32
29.11.2019,29,ven.,"7546,6",31
30.11.2019,30,sam.,"7396,4",38
01.12.2019,1,dim.,"7298,2",25
02.12.2019,2,lun.,"7291,8",28
03.12.2019,3,mar.,"7204,4",28
04.12.2019,4,mer.,"7399,2",24
05.12.2019,5,jeu.,"7530,8",21
06.12.2019,6,ven.,"7510,9",29
07.12.2019,7,sam.,"7524,4",32
08.12.2019,8,dim.,"7355,8",28
09.12.2019,9,lun.,"7235,7",32
10.12.2019,10,mar.,"7208,00",26
11.12.2019,11,mer.,"7208,00",20
12.12.2019,12,jeu.,"7255,2",23
13.12.2019,13,ven.,"7080,8",22
14.12.2019,14,sam.,"7128,5",27
15.12.2019,15,dim.,"6903,5",21
16.12.2019,16,lun.,"6613,3",24
17.12.2019,17,mar.,"7276,00",23
18.12.2019,18,mer.,"7165,5",15
19.12.2019,19,jeu.,"7196,4",21
20.12.2019,20,ven.,"7156,2",23
21.12.2019,21,sam.,"7495,8",23
22.12.2019,22,dim.,"7322,8",20
23.12.2019,23,lun.,"7268,3",33
24.12.2019,24,mar.,"7224,8",25
25.12.2019,25,mer.,"7210,9",22
26.12.2019,26,jeu.,"7261,7",39
27.12.2019,27,ven.,"7321,5",38
28.12.2019,28,sam.,"7397,5",37
29.12.2019,29,dim.,"7261,8",37
30.12.2019,30,lun.,"7196,4",40
31.12.2019,31,mar.,"7199,8",38
01.01.2020,1,mer.,"6967,00",37
02.01.2020,2,jeu.,"7343,1",39
03.01.2020,3,ven.,"7376,8",38
04.01.2020,4,sam.,"7372,5",38
05.01.2020,5,dim.,"7759,1",39
06.01.2020,6,lun.,"8155,7",41
07.01.2020,7,mar.,"8059,6",40
08.01.2020,8,mer.,"7842,4",51
09.01.2020,9,jeu.,"8187,1",44
10.01.2020,10,ven.,"8024,1",41
11.01.2020,11,sam.,"8187,6",50
12.01.2020,12,dim.,"8111,4",45
13.01.2020,13,lun.,"8829,2",49
14.01.2020,14,mar.,"8818,3",56
15.01.2020,15,mer.,"8726,9",54
16.01.2020,16,jeu.,"8913,1",55
17.01.2020,17,ven.,"8916,3",54
18.01.2020,18,sam.,"8706,2",51
19.01.2020,19,dim.,"8641,9",53
20.01.2020,20,lun.,"8732,6",48
21.01.2020,21,mar.,"8678,5",49
22.01.2020,22,mer.,"8405,1",52
23.01.2020,23,jeu.,"8439,9",49
24.01.2020,24,ven.,"8341,6",40
25.01.2020,25,sam.,"8607,8",41
26.01.2020,26,dim.,"8866,6",42
27.01.2020,27,lun.,"9377,3",50
28.01.2020,28,mar.,"9298,9",54
29.01.2020,29,mer.,"9507,3",57
30.01.2020,30,jeu.,"9349,1",57
31.01.2020,31,ven.,"9381,6",55
01.02.2020,1,sam.,"9334,9",57
02.02.2020,2,dim.,"9296,6",57
03.02.2020,3,lun.,"9193,9",59
04.02.2020,4,mar.,"9611,8",56
05.02.2020,5,mer.,"9772,00",53
06.02.2020,6,jeu.,"9818,6",61
07.02.2020,7,ven.,"9895,5",56
08.02.2020,8,sam.,"10151,50",56
09.02.2020,9,dim.,"9854,1",56
10.02.2020,10,lun.,"10229,50",57
11.02.2020,11,mar.,"10317,70",52
12.02.2020,12,mer.,"10235,10",61
13.02.2020,13,jeu.,"10333,00",65
14.02.2020,14,ven.,"9907,7",63
15.02.2020,15,sam.,"9932,3",64
16.02.2020,16,dim.,"9701,4",59
17.02.2020,17,lun.,"10158,40",49
18.02.2020,18,mar.,"9609,4",53
19.02.2020,19,mer.,"9602,4",50
20.02.2020,20,jeu.,"9684,5",44
21.02.2020,21,ven.,"9655,7",44
22.02.2020,22,sam.,"9942,7",43
23.02.2020,23,dim.,"9662,7",46
24.02.2020,24,lun.,"9317,2",46
25.02.2020,25,mar.,"8800,3",44
26.02.2020,26,mer.,"8818,6",41
27.02.2020,27,jeu.,"8697,5",39
28.02.2020,28,ven.,"8543,7",40
29.02.2020,29,sam.,"8540,00",38
01.03.2020,1,dim.,"8904,8",39
02.03.2020,2,lun.,"8761,4",38
03.03.2020,3,mar.,"8757,9",38
04.03.2020,4,mer.,"9060,3",40
05.03.2020,5,jeu.,"9134,8",41
06.03.2020,6,ven.,"8887,8",39
07.03.2020,7,sam.,"8034,1",38
08.03.2020,8,dim.,"7933,00",33
09.03.2020,9,lun.,"7891,2",17
10.03.2020,10,mar.,"7935,1",16
11.03.2020,11,mer.,"4826,00",17
12.03.2020,12,jeu.,"5584,3",14
13.03.2020,13,ven.,"5182,7",10
14.03.2020,14,sam.,"5366,3",8
15.03.2020,15,dim.,"5030,00",12
16.03.2020,16,lun.,"5261,1",9
17.03.2020,17,mar.,"5361,4",8
18.03.2020,18,mer.,"6172,00",11
19.03.2020,19,jeu.,"6205,3",12
20.03.2020,20,ven.,"6186,2",9
21.03.2020,21,sam.,"5822,1",9
22.03.2020,22,dim.,"6468,9",11
23.03.2020,23,lun.,"6744,6",10
24.03.2020,24,mar.,"6678,9",12
25.03.2020,25,mer.,"6725,1",13
26.03.2020,26,jeu.,"6373,4",14
27.03.2020,27,ven.,"6233,7",12
28.03.2020,28,sam.,"5890,4",8
29.03.2020,29,dim.,"6391,00",12
30.03.2020,30,lun.,"6412,5",10
31.03.2020,31,mar.,"6638,5",12
01.04.2020,1,mer.,"6800,5",12
02.04.2020,2,jeu.,"6735,9",14
03.04.2020,3,ven.,"6857,4",14
04.04.2020,4,sam.,"6772,7",12
05.04.2020,5,dim.,"7332,3",12
06.04.2020,6,lun.,"7185,2",12
07.04.2020,7,mar.,"7361,2",20
08.04.2020,8,mer.,"7289,00",21
09.04.2020,9,jeu.,"6863,1",22
10.04.2020,10,ven.,"6867,8",15
11.04.2020,11,sam.,"6917,6",15
12.04.2020,12,dim.,"6841,3",10
13.04.2020,13,lun.,"6850,9",11
14.04.2020,14,mar.,"6629,1",15
15.04.2020,15,mer.,"7085,6",18
16.04.2020,16,jeu.,"7035,8",13
17.04.2020,17,ven.,"7230,8",15
18.04.2020,18,sam.,"7122,9",18
19.04.2020,19,dim.,"6833,5",16
20.04.2020,20,lun.,"6842,5",15
21.04.2020,21,mar.,"7112,9",17
22.04.2020,22,mer.,"7488,5",19
23.04.2020,23,jeu.,"7503,8",19
24.04.2020,24,ven.,"7540,4",20
25.04.2020,25,sam.,"7678,9",24
26.04.2020,26,dim.,"7766,00",21
27.04.2020,27,lun.,"7746,9",28
28.04.2020,28,mar.,"8770,9",26
29.04.2020,29,mer.,"8629,00",26
30.04.2020,30,jeu.,"8821,6",44
01.05.2020,1,ven.,"8966,3",40
02.05.2020,2,sam.,"8885,5",40
03.05.2020,3,dim.,"8874,7",45
04.05.2020,4,lun.,"9001,00",44
05.05.2020,5,mar.,"9151,4",40
06.05.2020,6,mer.,"9979,8",42
07.05.2020,7,jeu.,"9806,2",49
08.05.2020,8,ven.,"9554,6",55
09.05.2020,9,sam.,"8738,8",56
10.05.2020,10,dim.,"8579,8",48
11.05.2020,11,lun.,"8813,8",40
12.05.2020,12,mar.,"9298,7",39
13.05.2020,13,mer.,"9778,4",41
14.05.2020,14,jeu.,"9318,00",40
15.05.2020,15,ven.,"9379,5",44
16.05.2020,16,sam.,"9677,7",41
17.05.2020,17,dim.,"9730,7",40
18.05.2020,18,lun.,"9773,3",50
19.05.2020,19,mar.,"9512,3",50
20.05.2020,20,mer.,"9059,00",52
21.05.2020,21,jeu.,"9169,7",49
22.05.2020,22,ven.,"9177,00",42
23.05.2020,23,sam.,"8728,2",40
24.05.2020,24,dim.,"8898,2",43
25.05.2020,25,lun.,"8842,5",41
26.05.2020,26,mar.,"9199,1",39
27.05.2020,27,mer.,"9572,2",39
28.05.2020,28,jeu.,"9424,8",41
29.05.2020,29,ven.,"9692,5",48
30.05.2020,30,sam.,"9454,8",48
31.05.2020,31,dim.,"10189,30",51
01.06.2020,1,lun.,"9527,6",50
02.06.2020,2,mar.,"9667,2",56
03.06.2020,3,mer.,"9794,4",48
04.06.2020,4,jeu.,"9631,2",54
05.06.2020,5,ven.,"9669,6",53
06.06.2020,6,sam.,"9742,6",54
07.06.2020,7,dim.,"9777,9",54
08.06.2020,8,lun.,"9768,8",53
09.06.2020,9,mar.,"9878,8",52
10.06.2020,10,mer.,"9283,2",54
11.06.2020,11,jeu.,"9466,6",52
12.06.2020,12,ven.,"9471,3",38
13.06.2020,13,sam.,"9345,3",38
14.06.2020,14,dim.,"9425,4",40
15.06.2020,15,lun.,"9523,5",37
16.06.2020,16,mar.,"9464,6",39
17.06.2020,17,mer.,"9388,1",38
18.06.2020,18,jeu.,"9314,00",40
19.06.2020,19,ven.,"9358,8",39
20.06.2020,20,sam.,"9296,4",38
21.06.2020,21,dim.,"9683,7",37
22.06.2020,22,lun.,"9624,6",38
23.06.2020,23,mar.,"9302,00",41
24.06.2020,24,mer.,"9247,5",50
25.06.2020,25,jeu.,"9160,00",43
26.06.2020,26,ven.,"9008,3",40
27.06.2020,27,sam.,"9124,00",43
28.06.2020,28,dim.,"9185,4",40
29.06.2020,29,lun.,"9135,4",41
30.06.2020,30,mar.,"9229,9",44
01.07.2020,1,mer.,"9085,1",42
02.07.2020,2,jeu.,"9067,1",42
03.07.2020,3,ven.,"9134,4",41
04.07.2020,4,sam.,"9081,00",40
05.07.2020,5,dim.,"9339,00",38
06.07.2020,6,lun.,"9256,00",40
07.07.2020,7,mar.,"9429,9",43
08.07.2020,8,mer.,"9235,7",44
09.07.2020,9,jeu.,"9285,1",44
10.07.2020,10,ven.,"9233,3",41
11.07.2020,11,sam.,"9300,8",44
12.07.2020,12,dim.,"9243,6",41
13.07.2020,13,lun.,"9253,4",43
14.07.2020,14,mar.,"9198,7",43
15.07.2020,15,mer.,"9135,3",44
16.07.2020,16,jeu.,"9155,8",43
17.07.2020,17,ven.,"9170,2",41
18.07.2020,18,sam.,"9208,00",44
19.07.2020,19,dim.,"9162,4",41
20.07.2020,20,lun.,"9387,3",44
21.07.2020,21,mar.,"9513,7",44
22.07.2020,22,mer.,"9599,6",50
23.07.2020,23,jeu.,"9546,4",55
24.07.2020,24,ven.,"9704,1",53
25.07.2020,25,sam.,"9932,5",55
26.07.2020,26,dim.,"11022,80",55
27.07.2020,27,lun.,"10908,50",58
28.07.2020,28,mar.,"11105,90",76
29.07.2020,29,mer.,"11096,20",71
30.07.2020,30,jeu.,"11333,40",76
31.07.2020,31,ven.,"11803,10",75
01.08.2020,1,sam.,"11066,80",75
02.08.2020,2,dim.,"11224,40",80
03.08.2020,3,lun.,"11184,70",75
04.08.2020,4,mar.,"11735,10",72
05.08.2020,5,mer.,"11757,10",75
06.08.2020,6,jeu.,"11592,00",79
07.08.2020,7,ven.,"11764,30",77
08.08.2020,8,sam.,"11681,20",77
09.08.2020,9,dim.,"11889,20",79
10.08.2020,10,lun.,"11390,40",78
11.08.2020,11,mar.,"11557,20",84
12.08.2020,12,mer.,"11770,90",75
13.08.2020,13,jeu.,"11750,80",75
14.08.2020,14,ven.,"11845,30",78
15.08.2020,15,sam.,"11899,00",79
16.08.2020,16,dim.,"12282,60",82
17.08.2020,17,lun.,"11947,60",83
18.08.2020,18,mar.,"11750,20",82
19.08.2020,19,mer.,"11856,90",80
20.08.2020,20,jeu.,"11529,20",75
21.08.2020,21,ven.,"11661,30",81
22.08.2020,22,sam.,"11641,60",78
23.08.2020,23,dim.,"11753,50",76
24.08.2020,24,lun.,"11324,80",78
25.08.2020,25,mar.,"11462,30",75
26.08.2020,26,mer.,"11327,40",76
27.08.2020,27,jeu.,"11527,40",75
28.08.2020,28,ven.,"11468,10",74
29.08.2020,29,sam.,"11702,00",79
30.08.2020,30,dim.,"11644,20",75
31.08.2020,31,lun.,"11914,90",75
01.09.2020,1,mar.,"11413,30",75
02.09.2020,2,mer.,"10168,80",83
03.09.2020,3,jeu.,"10472,50",79
04.09.2020,4,ven.,"10092,20",40
05.09.2020,5,sam.,"10296,40",41
06.09.2020,6,dim.,"10376,90",41
07.09.2020,7,lun.,"10126,60",41
08.09.2020,8,mar.,"10224,60",41
09.09.2020,9,mer.,"10339,70",38
10.09.2020,10,jeu.,"10390,20",38
11.09.2020,11,ven.,"10441,90",41
12.09.2020,12,sam.,"10326,00",41
13.09.2020,13,dim.,"10675,30",38
14.09.2020,14,lun.,"10785,30",39
15.09.2020,15,mar.,"10949,50",47
16.09.2020,16,mer.,"10941,30",43
17.09.2020,17,jeu.,"10933,00",48
18.09.2020,18,ven.,"11081,80",49
19.09.2020,19,sam.,"10921,50",48
20.09.2020,20,dim.,"10416,80",52
21.09.2020,21,lun.,"10531,50",48
22.09.2020,22,mar.,"10237,30",39
23.09.2020,23,mer.,"10739,40",43
24.09.2020,24,jeu.,"10688,80",39
25.09.2020,25,ven.,"10727,90",46
26.09.2020,26,sam.,"10776,20",45
27.09.2020,27,dim.,"10693,20",47
28.09.2020,28,lun.,"10840,90",43
29.09.2020,29,mar.,"10776,10",45
30.09.2020,30,mer.,"10620,50",49
01.10.2020,1,jeu.,"10572,30",45
02.10.2020,2,ven.,"10544,20",41
03.10.2020,3,sam.,"10672,90",40
04.10.2020,4,dim.,"10789,50",42
05.10.2020,5,lun.,"10602,60",42
06.10.2020,6,mar.,"10670,90",47
07.10.2020,7,mer.,"10924,10",43
08.10.2020,8,jeu.,"11054,20",46
09.10.2020,9,ven.,"11298,40",48
10.10.2020,10,sam.,"11371,00",53
11.10.2020,11,dim.,"11533,90",55
12.10.2020,12,lun.,"11423,80",52
13.10.2020,13,mar.,"11420,40",56
14.10.2020,14,mer.,"11503,00",53
15.10.2020,15,jeu.,"11322,00",56
16.10.2020,16,ven.,"11362,10",52
17.10.2020,17,sam.,"11506,90",56
18.10.2020,18,dim.,"11753,40",55
19.10.2020,19,lun.,"11913,50",55
20.10.2020,20,mar.,"12808,70",56
21.10.2020,21,mer.,"12974,60",61
22.10.2020,22,jeu.,"12934,10",73
23.10.2020,23,ven.,"13117,20",74
24.10.2020,24,sam.,"13032,20",73
25.10.2020,25,dim.,"13061,60",76
26.10.2020,26,lun.,"13657,80",75
27.10.2020,27,mar.,"13278,90",61
28.10.2020,28,mer.,"13457,20",70
29.10.2020,29,jeu.,"13559,90",67
30.10.2020,30,ven.,"13797,30",74
31.10.2020,31,sam.,"13759,40",73
01.11.2020,1,dim.,"13561,40",72
02.11.2020,2,lun.,"14019,90",71
03.11.2020,3,mar.,"14145,60",71
04.11.2020,4,mer.,"15587,10",74
05.11.2020,5,jeu.,"15577,90",72
06.11.2020,6,ven.,"14828,40",90
07.11.2020,7,sam.,"15483,70",88
08.11.2020,8,dim.,"15327,20",82
09.11.2020,9,lun.,"15303,60",90
10.11.2020,10,mar.,"15695,80",90
11.11.2020,11,mer.,"16294,70",86
12.11.2020,12,jeu.,"16324,20",87
13.11.2020,13,ven.,"16071,00",89
14.11.2020,14,sam.,"15953,00",90
15.11.2020,15,dim.,"16715,80",86
16.11.2020,16,lun.,"17662,30",90
17.11.2020,17,mar.,"17774,60",86
18.11.2020,18,mer.,"17803,50",91
19.11.2020,19,jeu.,"18675,20",94
20.11.2020,20,ven.,"18687,20",86
21.11.2020,21,sam.,"18412,90",91
22.11.2020,22,dim.,"18379,60",94
23.11.2020,23,lun.,"19152,60",90
24.11.2020,24,mar.,"18723,00",88
25.11.2020,25,mer.,"17162,00",94
26.11.2020,26,jeu.,"17127,10",93
27.11.2020,27,ven.,"17730,70",86
28.11.2020,28,sam.,"18185,50",87
29.11.2020,29,dim.,"19698,10",89
30.11.2020,30,lun.,"18770,70",88
01.12.2020,1,mar.,"19218,80",95
02.12.2020,2,mer.,"19433,30",92
03.12.2020,3,jeu.,"18658,10",92
04.12.2020,4,ven.,"19146,50",92
05.12.2020,5,sam.,"19379,90",93
06.12.2020,6,dim.,"19170,70",95
07.12.2020,7,lun.,"18326,60",94
08.12.2020,8,mar.,"18546,00",95
09.12.2020,9,mer.,"18247,20",86
10.12.2020,10,jeu.,"18023,60",94
11.12.2020,11,ven.,"18808,90",89
12.12.2020,12,sam.,"19176,80",90
13.12.2020,13,dim.,"19273,80",91
14.12.2020,14,lun.,"19434,90",95
15.12.2020,15,mar.,"21352,20",91
16.12.2020,16,mer.,"22825,40",92
17.12.2020,17,jeu.,"23127,90",92
18.12.2020,18,ven.,"23844,00",95
19.12.2020,19,sam.,"23474,90",93
20.12.2020,20,dim.,"22728,50",92
21.12.2020,21,lun.,"23823,20",92
22.12.2020,22,mar.,"23257,90",88
23.12.2020,23,mer.,"23736,50",93
24.12.2020,24,jeu.,"24689,60",86
25.12.2020,25,ven.,"26454,40",94
26.12.2020,26,sam.,"26261,30",93
27.12.2020,27,dim.,"27057,80",91
28.12.2020,28,lun.,"27376,00",92
29.12.2020,29,mar.,"28868,70",91
30.12.2020,30,mer.,"28949,40",91
31.12.2020,31,jeu.,"29359,90",95
01.01.2021,1,ven.,"32193,30",94
02.01.2021,2,sam.,"32958,90",94
03.01.2021,3,dim.,"32022,60",93
04.01.2021,4,lun.,"33991,50",94
05.01.2021,5,mar.,"36793,20",93
06.01.2021,6,mer.,"39460,20",95
07.01.2021,7,jeu.,"40599,30",91
08.01.2021,8,ven.,"40151,90",93
09.01.2021,9,sam.,"38192,20",93
10.01.2021,10,dim.,"35544,30",94
11.01.2021,11,lun.,"34076,10",90
12.01.2021,12,mar.,"37382,20",84
13.01.2021,13,mer.,"39175,70",78
14.01.2021,14,jeu.,"36845,80",83
15.01.2021,15,ven.,"36019,50",88
16.01.2021,16,sam.,"35839,60",84
17.01.2021,17,dim.,"36613,20",79
18.01.2021,18,lun.,"36002,90",79
19.01.2021,19,mar.,"35476,30",80
20.01.2021,20,mer.,"30842,10",78
21.01.2021,21,jeu.,"33000,50",75
22.01.2021,22,ven.,"32088,90",40
23.01.2021,23,sam.,"32241,30",74
24.01.2021,24,dim.,"32252,30",70
25.01.2021,25,lun.,"32502,10",74
26.01.2021,26,mar.,"30404,00",71
27.01.2021,27,mer.,"33374,80",78
28.01.2021,28,jeu.,"34301,80",55
29.01.2021,29,ven.,"34283,10",77
30.01.2021,30,sam.,"33108,10",76
31.01.2021,31,dim.,"33515,70",78
01.02.2021,1,lun.,"35485,20",77
02.02.2021,2,mar.,"37646,80",76
03.02.2021,3,mer.,"36982,10",78
04.02.2021,4,jeu.,"38297,60",80
05.02.2021,5,ven.,"39256,60",81
06.02.2021,6,sam.,"38852,90",84
07.02.2021,7,dim.,"46395,70",86
08.02.2021,8,lun.,"46508,60",83
09.02.2021,9,mar.,"44836,00",95
10.02.2021,10,mer.,"47990,70",92
11.02.2021,11,jeu.,"47371,70",93
12.02.2021,12,ven.,"47168,70",92
13.02.2021,13,sam.,"48643,40",92
14.02.2021,14,dim.,"47936,30",95
15.02.2021,15,lun.,"49169,70",93
16.02.2021,16,mar.,"52079,20",95
17.02.2021,17,mer.,"51582,20",95
18.02.2021,18,jeu.,"55906,60",91
19.02.2021,19,ven.,"55923,70",93
20.02.2021,20,sam.,"57433,80",91
21.02.2021,21,dim.,"54111,80",91
22.02.2021,22,lun.,"48911,20",94
23.02.2021,23,mar.,"49697,50",94
24.02.2021,24,mer.,"46928,50",76
25.02.2021,25,jeu.,"46345,60",79
26.02.2021,26,ven.,"46136,70",55
27.02.2021,27,sam.,"45164,00",56
28.02.2021,28,dim.,"49595,50",55
01.03.2021,1,lun.,"48424,20",38
02.03.2021,2,mar.,"50395,10",78
03.03.2021,3,mer.,"48428,00",78
04.03.2021,4,jeu.,"48792,50",84
05.03.2021,5,ven.,"48855,60",77
06.03.2021,6,sam.,"50982,30",77
07.03.2021,7,dim.,"52311,00",76
08.03.2021,8,lun.,"54879,00",81
09.03.2021,9,mar.,"55851,90",81
10.03.2021,10,mer.,"57799,50",68
11.03.2021,11,jeu.,"57265,10",73
12.03.2021,12,ven.,"61195,30",70
13.03.2021,13,sam.,"59113,70",74
14.03.2021,14,dim.,"55791,30",78
15.03.2021,15,lun.,"56889,70",76
16.03.2021,16,mar.,"58913,50",71
17.03.2021,17,mer.,"57656,00",71
18.03.2021,18,jeu.,"58088,00",72
19.03.2021,19,ven.,"58093,40",71
20.03.2021,20,sam.,"57383,80",75
21.03.2021,21,dim.,"54158,30",73
22.03.2021,22,lun.,"54452,50",70
23.03.2021,23,mar.,"52325,40",66
24.03.2021,24,mer.,"51322,30",65
25.03.2021,25,jeu.,"55036,10",60
26.03.2021,26,ven.,"55862,90",54
27.03.2021,27,sam.,"55765,20",65
28.03.2021,28,dim.,"57616,20",74
29.03.2021,29,lun.,"58771,30",72
30.03.2021,30,mar.,"58763,70",72
31.03.2021,31,mer.,"58718,30",76
01.04.2021,1,jeu.,"58977,30",74
02.04.2021,2,ven.,"57059,90",74
03.04.2021,3,sam.,"58199,90",73
04.04.2021,4,dim.,"58993,40",74
05.04.2021,5,lun.,"57996,30",71
06.04.2021,6,mar.,"55948,70",75
07.04.2021,7,mer.,"58077,40",72
08.04.2021,8,jeu.,"58118,70",73
09.04.2021,9,ven.,"59748,40",70
10.04.2021,10,sam.,"59978,70",70
11.04.2021,11,dim.,"59863,80",76
12.04.2021,12,lun.,"63540,90",74
13.04.2021,13,mar.,"62980,40",74
14.04.2021,14,mer.,"63216,00",75
15.04.2021,15,jeu.,"61379,70",79
16.04.2021,16,ven.,"60041,90",78
17.04.2021,17,sam.,"56207,10",76
18.04.2021,18,dim.,"55646,10",79
19.04.2021,19,lun.,"56483,20",74
20.04.2021,20,mar.,"53820,20",73
21.04.2021,21,mer.,"51729,50",73
22.04.2021,22,jeu.,"51143,60",65
23.04.2021,23,ven.,"50088,90",55
24.04.2021,24,sam.,"48963,60",37
25.04.2021,25,dim.,"54020,50",31
26.04.2021,26,lun.,"55036,50",27
27.04.2021,27,mar.,"54841,40",50
28.04.2021,28,mer.,"53560,80",59
29.04.2021,29,jeu.,"57720,30",52
30.04.2021,30,ven.,"57807,10",51
01.05.2021,1,sam.,"56603,80",68
02.05.2021,2,dim.,"57169,80",66
03.05.2021,3,lun.,"53741,50",61
04.05.2021,4,mar.,"57441,30",68
05.05.2021,5,mer.,"56405,40",48
06.05.2021,6,jeu.,"57337,20",65
07.05.2021,7,ven.,"58840,10",64
08.05.2021,8,sam.,"58238,30",67
09.05.2021,9,dim.,"55848,90",73
10.05.2021,10,lun.,"56695,70",72
11.05.2021,11,mar.,"49384,20",61
12.05.2021,12,mer.,"49704,60",68
13.05.2021,13,jeu.,"49839,80",31
14.05.2021,14,ven.,"46708,80",26
15.05.2021,15,sam.,"46426,40",27
16.05.2021,16,dim.,"43541,30",20
17.05.2021,17,lun.,"42897,30",27
18.05.2021,18,mar.,"36720,50",21
19.05.2021,19,mer.,"40717,20",23
20.05.2021,20,jeu.,"37297,40",11
21.05.2021,21,ven.,"37448,30",19
22.05.2021,22,sam.,"34679,70",12
23.05.2021,23,dim.,"38750,60",14
24.05.2021,24,lun.,"38378,30",10
25.05.2021,25,mar.,"39249,20",22
26.05.2021,26,mer.,"38417,30",22
27.05.2021,27,jeu.,"35662,50",27
28.05.2021,28,ven.,"34584,60",21
29.05.2021,29,sam.,"35652,80",18
30.05.2021,30,dim.,"37298,60",10
31.05.2021,31,lun.,"36687,60",18
01.06.2021,1,mar.,"37555,80",20
02.06.2021,2,mer.,"39187,30",23
03.06.2021,3,jeu.,"36851,30",24
04.06.2021,4,ven.,"35520,00",27
05.06.2021,5,sam.,"35815,40",24
06.06.2021,6,dim.,"33578,00",17
07.06.2021,7,lun.,"33382,90",15
08.06.2021,8,mar.,"37332,20",13
09.06.2021,9,mer.,"36649,40",14
10.06.2021,10,jeu.,"37314,60",21
11.06.2021,11,ven.,"35467,50",21
12.06.2021,12,sam.,"39022,90",28
13.06.2021,13,dim.,"40529,40",23
14.06.2021,14,lun.,"40156,10",28
15.06.2021,15,mar.,"38336,00",38
16.06.2021,16,mer.,"38052,00",33
17.06.2021,17,jeu.,"35749,40",26
18.06.2021,18,ven.,"35513,40",25
19.06.2021,19,sam.,"35595,80",23
20.06.2021,20,dim.,"31692,00",21
21.06.2021,21,lun.,"32496,40",23
22.06.2021,22,mar.,"33674,30",10
23.06.2021,23,mer.,"34665,80",14
24.06.2021,24,jeu.,"31594,00",22
25.06.2021,25,ven.,"32243,40",27
26.06.2021,26,sam.,"34678,50",20
27.06.2021,27,dim.,"34475,90",22
28.06.2021,28,lun.,"35834,70",25
29.06.2021,29,mar.,"35026,90",25
30.06.2021,30,mer.,"33543,60",28
01.07.2021,1,jeu.,"33813,40",28
02.07.2021,2,ven.,"34742,80",21
03.07.2021,3,sam.,"35298,20",24
04.07.2021,4,dim.,"33687,80",27
05.07.2021,5,lun.,"34225,60",29
06.07.2021,6,mar.,"33867,80",20
07.07.2021,7,mer.,"32866,30",28
08.07.2021,8,jeu.,"33797,40",20
09.07.2021,9,ven.,"33510,60",20
10.07.2021,10,sam.,"34227,70",20
11.07.2021,11,dim.,"33113,00",20
12.07.2021,12,lun.,"32728,10",25
13.07.2021,13,mar.,"32820,70",20
14.07.2021,14,mer.,"31840,50",21
15.07.2021,15,jeu.,"31394,00",20
16.07.2021,16,ven.,"31518,60",22
17.07.2021,17,sam.,"31785,40",15
18.07.2021,18,dim.,"30837,20",19
19.07.2021,19,lun.,"29793,80",24
20.07.2021,20,mar.,"32131,40",19
21.07.2021,21,mer.,"32298,90",10
22.07.2021,22,jeu.,"33603,30",21
23.07.2021,23,ven.,"33824,80",23
24.07.2021,24,sam.,"35391,10",22
25.07.2021,25,dim.,"37276,60",27
26.07.2021,26,lun.,"39452,00",26
27.07.2021,27,mar.,"40003,20",32
28.07.2021,28,mer.,"40001,40",50
29.07.2021,29,jeu.,"42203,40",50
30.07.2021,30,ven.,"41553,70",53
31.07.2021,31,sam.,"39878,30",60
01.08.2021,1,dim.,"39168,40",60
02.08.2021,2,lun.,"38130,30",48
03.08.2021,3,mar.,"39736,90",48
04.08.2021,4,mer.,"40867,20",42
05.08.2021,5,jeu.,"42795,40",50
06.08.2021,6,ven.,"44614,20",52
07.08.2021,7,sam.,"43792,80",69
08.08.2021,8,dim.,"46284,30",74
09.08.2021,9,lun.,"45593,80",65
10.08.2021,10,mar.,"45564,30",71
11.08.2021,11,mer.,"44403,40",70
12.08.2021,12,jeu.,"47809,10",70
13.08.2021,13,ven.,"47081,50",70
14.08.2021,14,sam.,"46991,30",76
15.08.2021,15,dim.,"45996,30",71
16.08.2021,16,lun.,"44691,60",72
17.08.2021,17,mar.,"44723,80",72
18.08.2021,18,mer.,"46755,90",73
19.08.2021,19,jeu.,"49324,00",70
20.08.2021,20,ven.,"48875,80",70
21.08.2021,21,sam.,"49254,50",78
22.08.2021,22,dim.,"49539,70",76
23.08.2021,23,lun.,"47714,70",79
24.08.2021,24,mar.,"48994,50",79
25.08.2021,25,mer.,"46831,60",73
26.08.2021,26,jeu.,"49064,30",75
27.08.2021,27,ven.,"48897,10",71
28.08.2021,28,sam.,"48777,40",78
29.08.2021,29,dim.,"46992,70",72
30.08.2021,30,lun.,"47130,40",73
31.08.2021,31,mar.,"48819,40",73
01.09.2021,1,mer.,"49274,30",71
02.09.2021,2,jeu.,"49999,00",74
03.09.2021,3,ven.,"49918,40",74
04.09.2021,4,sam.,"51768,60",72
05.09.2021,5,dim.,"52672,10",73
06.09.2021,6,lun.,"46779,60",79
07.09.2021,7,mar.,"46061,40",79
08.09.2021,8,mer.,"46385,60",47
09.09.2021,9,jeu.,"44842,80",45
10.09.2021,10,ven.,"45161,90",46
11.09.2021,11,sam.,"46062,30",31
12.09.2021,12,dim.,"44949,50",32
13.09.2021,13,lun.,"47077,50",44
14.09.2021,14,mar.,"48130,60",30
15.09.2021,15,mer.,"47748,00",49
16.09.2021,16,jeu.,"47282,80",53
17.09.2021,17,ven.,"48306,70",48
18.09.2021,18,sam.,"47238,70",50
19.09.2021,19,dim.,"42870,60",53
20.09.2021,20,lun.,"40651,30",50
21.09.2021,21,mar.,"43551,60",27
22.09.2021,22,mer.,"44869,20",21
23.09.2021,23,jeu.,"42819,90",27
24.09.2021,24,ven.,"42686,80",33
25.09.2021,25,sam.,"43203,40",28
26.09.2021,26,dim.,"42172,60",27
27.09.2021,27,lun.,"41022,30",26
28.09.2021,28,mar.,"41536,80",25
29.09.2021,29,mer.,"43823,30",24
30.09.2021,30,jeu.,"48146,00",20
01.10.2021,1,ven.,"47666,90",27
02.10.2021,2,sam.,"48200,10",54
03.10.2021,3,dim.,"49227,30",49
04.10.2021,4,lun.,"51469,30",54
05.10.2021,5,mar.,"55323,20",59
06.10.2021,6,mer.,"53783,90",68
07.10.2021,7,jeu.,"53914,70",76
08.10.2021,8,ven.,"54942,50",74
09.10.2021,9,sam.,"54687,70",72
10.10.2021,10,dim.,"57477,30",71
11.10.2021,11,lun.,"56015,90",71
12.10.2021,12,mar.,"57380,10",78
13.10.2021,13,mer.,"57345,80",70
14.10.2021,14,jeu.,"61672,50",70
15.10.2021,15,ven.,"60861,10",71
16.10.2021,16,sam.,"61527,50",78
17.10.2021,17,dim.,"62056,30",79
18.10.2021,18,lun.,"64278,50",78
19.10.2021,19,mar.,"65979,10",75
20.10.2021,20,mer.,"62210,20",82
21.10.2021,21,jeu.,"60690,30",84
22.10.2021,22,ven.,"61312,50",75
23.10.2021,23,sam.,"60866,50",74
24.10.2021,24,dim.,"63067,00",73
25.10.2021,25,lun.,"60310,80",72
26.10.2021,26,mar.,"58438,10",76
27.10.2021,27,mer.,"60582,50",73
28.10.2021,28,jeu.,"62242,80",66
29.10.2021,29,ven.,"61840,10",70
30.10.2021,30,sam.,"61309,60",73
31.10.2021,31,dim.,"60915,30",74
01.11.2021,1,lun.,"63221,70",74
02.11.2021,2,mar.,"62918,50",73
03.11.2021,3,mer.,"61412,60",76
04.11.2021,4,jeu.,"60974,30",73
05.11.2021,5,ven.,"61483,90",73
06.11.2021,6,sam.,"63273,20",71
07.11.2021,7,dim.,"67527,90",73
08.11.2021,8,lun.,"66904,40",75
09.11.2021,9,mar.,"64932,60",84
10.11.2021,10,mer.,"64806,70",75
11.11.2021,11,jeu.,"64134,50",77
12.11.2021,12,ven.,"64398,60",74
13.11.2021,13,sam.,"65508,20",72
14.11.2021,14,dim.,"63597,90",74
15.11.2021,15,lun.,"60089,10",72
16.11.2021,16,mar.,"60367,80",71
17.11.2021,17,mer.,"56955,30",52
18.11.2021,18,jeu.,"58083,40",54
19.11.2021,19,ven.,"59717,60",34
20.11.2021,20,sam.,"58714,30",43
21.11.2021,21,dim.,"56308,80",49
22.11.2021,22,lun.,"57573,20",50
23.11.2021,23,mar.,"57171,70",33
24.11.2021,24,mer.,"58935,10",42
25.11.2021,25,jeu.,"53730,90",32
26.11.2021,26,ven.,"54765,90",47
27.11.2021,27,sam.,"57291,50",21
28.11.2021,28,dim.,"57794,80",27
29.11.2021,29,lun.,"56882,90",33
30.11.2021,30,mar.,"57210,30",40
01.12.2021,1,mer.,"56496,00",34
02.12.2021,2,jeu.,"53631,50",32
03.12.2021,3,ven.,"49195,20",31
04.12.2021,4,sam.,"49405,50",25
05.12.2021,5,dim.,"50562,10",18
06.12.2021,6,lun.,"50595,20",16
07.12.2021,7,mar.,"50473,90",25
08.12.2021,8,mer.,"47596,60",28
09.12.2021,9,jeu.,"47137,20",29
10.12.2021,10,ven.,"49314,50",24
11.12.2021,11,sam.,"50081,00",16
12.12.2021,12,dim.,"46703,60",27
13.12.2021,13,lun.,"48366,50",28
14.12.2021,14,mar.,"48871,50",21
15.12.2021,15,mer.,"47628,20",28
16.12.2021,16,jeu.,"46172,20",29
17.12.2021,17,ven.,"46856,20",23
18.12.2021,18,sam.,"46704,50",24
19.12.2021,19,dim.,"46895,20",29
20.12.2021,20,lun.,"48902,00",25
21.12.2021,21,mar.,"48599,70",27
22.12.2021,22,mer.,"50801,00",45
23.12.2021,23,jeu.,"50786,10",34
24.12.2021,24,ven.,"50406,40",41
25.12.2021,25,sam.,"50779,90",39
26.12.2021,26,dim.,"50678,20",37
27.12.2021,27,lun.,"47545,20",40
28.12.2021,28,mar.,"46461,70",41
29.12.2021,29,mer.,"47123,30",27
30.12.2021,30,jeu.,"46219,50",22
31.12.2021,31,ven.,"47738,00",28
01.01.2022,1,sam.,"47311,80",21
02.01.2022,2,dim.,"46430,20",29
03.01.2022,3,lun.,"45837,30",29
04.01.2022,4,mar.,"43425,90",23
05.01.2022,5,mer.,"43097,50",24
06.01.2022,6,jeu.,"41546,70",15
07.01.2022,7,ven.,"41672,00",18
08.01.2022,8,sam.,"41848,30",10
09.01.2022,9,dim.,"41832,20",23
10.01.2022,10,lun.,"42733,20",23
11.01.2022,11,mar.,"43901,00",21
12.01.2022,12,mer.,"42560,00",22
13.01.2022,13,jeu.,"43073,30",21
14.01.2022,14,ven.,"43097,00",21
15.01.2022,15,sam.,"43079,10",23
16.01.2022,16,dim.,"42209,30",21
17.01.2022,17,lun.,"42364,60",22
18.01.2022,18,mar.,"41677,80",24
19.01.2022,19,mer.,"40715,90",24
20.01.2022,20,jeu.,"36475,50",24
21.01.2022,21,ven.,"35075,20",19
22.01.2022,22,sam.,"36269,50",13
23.01.2022,23,dim.,"36686,30",11
24.01.2022,24,lun.,"36950,60",13
25.01.2022,25,mar.,"36800,40",12
26.01.2022,26,mer.,"37164,30",23
27.01.2022,27,jeu.,"37745,10",20
28.01.2022,28,ven.,"38170,80",24
29.01.2022,29,sam.,"37917,70",24
30.01.2022,30,dim.,"38498,60",29
31.01.2022,31,lun.,"38709,70",20
01.02.2022,1,mar.,"36890,20",26
02.02.2022,2,mer.,"37287,80",28
03.02.2022,3,jeu.,"41567,60",20
04.02.2022,4,ven.,"41412,10",20
05.02.2022,5,sam.,"42392,20",33
06.02.2022,6,dim.,"43833,90",37
07.02.2022,7,lun.,"44038,20",45
08.02.2022,8,mar.,"44388,90",48
09.02.2022,9,mer.,"43521,00",54
10.02.2022,10,jeu.,"42388,40",50
11.02.2022,11,ven.,"42205,20",50
12.02.2022,12,sam.,"42061,10",44
13.02.2022,13,dim.,"42550,30",44
14.02.2022,14,lun.,"44544,40",46
15.02.2022,15,mar.,"43883,60",46
16.02.2022,16,mer.,"40552,80",51
17.02.2022,17,jeu.,"40000,10",52
18.02.2022,18,ven.,"40090,30",30
19.02.2022,19,sam.,"38355,00",25
20.02.2022,20,dim.,"37017,70",27
21.02.2022,21,lun.,"38248,20",25
22.02.2022,22,mar.,"37224,60",20
23.02.2022,23,mer.,"38339,20",25
24.02.2022,24,jeu.,"39209,60",23
25.02.2022,25,ven.,"39115,50",27
26.02.2022,26,sam.,"37689,10",26
27.02.2022,27,dim.,"43188,20",26
28.02.2022,28,lun.,"44420,30",20
01.03.2022,1,mar.,"43912,80",51
02.03.2022,2,mer.,"42463,00",52
03.03.2022,3,jeu.,"39142,70",39
04.03.2022,4,ven.,"39395,80",33
05.03.2022,5,sam.,"38403,10",22
06.03.2022,6,dim.,"38024,80",22
07.03.2022,7,lun.,"38744,80",23
08.03.2022,8,mar.,"41929,00",21
09.03.2022,9,mer.,"39416,30",22
10.03.2022,10,jeu.,"38730,20",28
11.03.2022,11,ven.,"38814,30",22
12.03.2022,12,sam.,"37792,40",22
13.03.2022,13,dim.,"39671,10",21
14.03.2022,14,lun.,"39285,70",23
15.03.2022,15,mar.,"41118,70",21
16.03.2022,16,mer.,"40914,80",24
17.03.2022,17,jeu.,"41767,80",27
18.03.2022,18,ven.,"42233,00",25
19.03.2022,19,sam.,"41276,00",28
20.03.2022,20,dim.,"41022,00",31
21.03.2022,21,lun.,"42373,00",30
22.03.2022,22,mar.,"42912,00",26
23.03.2022,23,mer.,"44013,00",31
24.03.2022,24,jeu.,"44331,00",40
25.03.2022,25,ven.,"44548,00",47
26.03.2022,26,sam.,"46859,00",51
27.03.2022,27,dim.,"47105,00",49
28.03.2022,28,lun.,"47449,00",60
29.03.2022,29,mar.,"47075,00",56
30.03.2022,30,mer.,"45525,00",55
31.03.2022,31,jeu.,"46297,00",52
01.04.2022,1,ven.,"45811,00",50
02.04.2022,2,sam.,"46407,00",52
03.04.2022,3,dim.,"46629,00",48
04.04.2022,4,lun.,"45506,00",52
05.04.2022,5,mar.,"43173,00",53
06.04.2022,6,mer.,"43448,00",48
07.04.2022,7,jeu.,"42275,00",34
08.04.2022,8,ven.,"42767,00",37
09.04.2022,9,sam.,"42138,00",30
10.04.2022,10,dim.,"39497,00",34
11.04.2022,11,lun.,"40078,00",32
12.04.2022,12,mar.,"41133,00",20
13.04.2022,13,mer.,"39936,00",25
14.04.2022,14,jeu.,"40560,00",28
15.04.2022,15,ven.,"40382,00",22
16.04.2022,16,sam.,"39703,00",28
17.04.2022,17,dim.,"40803,00",28
18.04.2022,18,lun.,"41503,00",24
19.04.2022,19,mar.,"41368,00",27
20.04.2022,20,mer.,"40482,00",27
21.04.2022,21,jeu.,"39709,00",27
22.04.2022,22,ven.,"39418,00",26
23.04.2022,23,sam.,"39464,00",24
24.04.2022,24,dim.,"40427,00",24
25.04.2022,25,lun.,"38113,00",23
26.04.2022,26,mar.,"39243,00",27
27.04.2022,27,mer.,"39748,00",21
28.04.2022,28,jeu.,"38581,00",24
29.04.2022,29,ven.,"37650,00",23
30.04.2022,30,sam.,"38461,00",20
01.05.2022,1,dim.,"38514,00",22
02.05.2022,2,lun.,"37718,00",28
03.05.2022,3,mar.,"39688,00",27
04.05.2022,4,mer.,"36544,00",21
05.05.2022,5,jeu.,"36009,00",27
06.05.2022,6,ven.,"35468,00",22
07.05.2022,7,sam.,"34060,00",23
08.05.2022,8,dim.,"30095,00",18
09.05.2022,9,lun.,"31007,50",11
10.05.2022,10,mar.,"29068,20",10
11.05.2022,11,mer.,"28976,00",12
12.05.2022,12,jeu.,"29284,40",12
13.05.2022,13,ven.,"30080,40",10
14.05.2022,14,sam.,"31308,70",9
15.05.2022,15,dim.,"29849,00",10
16.05.2022,16,lun.,"30437,50",14
17.05.2022,17,mar.,"28683,70",8
18.05.2022,18,mer.,"30305,90",12
19.05.2022,19,jeu.,"29178,60",13
20.05.2022,20,ven.,"29434,60",13
21.05.2022,21,sam.,"30286,60",13
22.05.2022,22,dim.,"29093,30",14
23.05.2022,23,lun.,"29648,70",10
24.05.2022,24,mar.,"29540,60",12
25.05.2022,25,mer.,"29203,50",11
26.05.2022,26,jeu.,"28601,20",12
27.05.2022,27,ven.,"29027,10",12
28.05.2022,28,sam.,"29465,20",13
29.05.2022,29,dim.,"31723,30",14
30.05.2022,30,lun.,"31793,40",10
31.05.2022,31,mar.,"29798,50",16
01.06.2022,1,mer.,"30455,50",17
02.06.2022,2,jeu.,"29700,90",13
03.06.2022,3,ven.,"29864,30",10
04.06.2022,4,sam.,"29913,00",14
05.06.2022,5,dim.,"31367,60",10
06.06.2022,6,lun.,"31128,80",13
07.06.2022,7,mar.,"30201,60",15
08.06.2022,8,mer.,"30097,80",17
09.06.2022,9,jeu.,"29083,30",11
10.06.2022,10,ven.,"28403,40",13
11.06.2022,11,sam.,"26606,30",12
12.06.2022,12,dim.,"22448,00",14
13.06.2022,13,lun.,"22157,30",11
14.06.2022,14,mar.,"22577,90",8
15.06.2022,15,mer.,"20386,60",7
16.06.2022,16,jeu.,"20444,60",7
17.06.2022,17,ven.,"18986,50",9
18.06.2022,18,sam.,"20577,20",6
19.06.2022,19,dim.,"20572,30",6
20.06.2022,20,lun.,"20720,40",9
21.06.2022,21,mar.,"19965,80",9
22.06.2022,22,mer.,"21100,70",11
23.06.2022,23,jeu.,"21226,90",11
24.06.2022,24,ven.,"21489,90",11
25.06.2022,25,sam.,"21043,50",14
26.06.2022,26,dim.,"20730,20",14
27.06.2022,27,lun.,"20278,00",12
28.06.2022,28,mar.,"20111,30",10
29.06.2022,29,mer.,"19926,60",13
30.06.2022,30,jeu.,"19262,90",11
01.07.2022,1,ven.,"19243,20",11
02.07.2022,2,sam.,"19309,90",14
03.07.2022,3,dim.,"20215,80",11
04.07.2022,4,lun.,"20200,60",14
05.07.2022,5,mar.,"20561,10",19
06.07.2022,6,mer.,"21637,80",18
07.07.2022,7,jeu.,"21611,20",18
08.07.2022,8,ven.,"21587,50",20
09.07.2022,9,sam.,"20847,40",24
10.07.2022,10,dim.,"19963,20",24
11.07.2022,11,lun.,"19330,90",22
12.07.2022,12,mar.,"20250,00",16
13.07.2022,13,mer.,"20586,00",15
14.07.2022,14,jeu.,"20825,10",18
15.07.2022,15,ven.,"21209,90",15
16.07.2022,16,sam.,"20785,60",21
17.07.2022,17,dim.,"22525,80",24
18.07.2022,18,lun.,"23410,20",20
19.07.2022,19,mar.,"23215,20",30
20.07.2022,20,mer.,"23153,00",31
21.07.2022,21,jeu.,"22675,20",34
22.07.2022,22,ven.,"22460,40",33
23.07.2022,23,sam.,"22582,10",31
24.07.2022,24,dim.,"21301,90",30
25.07.2022,25,lun.,"21248,70",30
26.07.2022,26,mar.,"22958,30",26
27.07.2022,27,mer.,"23850,00",28
28.07.2022,28,jeu.,"23774,30",32
29.07.2022,29,ven.,"23634,20",39
30.07.2022,30,sam.,"23303,40",42
31.07.2022,31,dim.,"23271,20",39
01.08.2022,1,lun.,"22988,60",33
02.08.2022,2,mar.,"22820,80",31
03.08.2022,3,mer.,"22612,10",34
04.08.2022,4,jeu.,"23308,20",30
05.08.2022,5,ven.,"22944,20",31
06.08.2022,6,sam.,"23175,30",31
07.08.2022,7,dim.,"23816,30",30
08.08.2022,8,lun.,"23146,70",30
09.08.2022,9,mar.,"23962,90",42
10.08.2022,10,mer.,"23935,30",31
11.08.2022,11,jeu.,"24398,70",41
12.08.2022,12,ven.,"24442,50",42
13.08.2022,13,sam.,"24302,80",46
14.08.2022,14,dim.,"24101,70",47
15.08.2022,15,lun.,"23856,80",45
16.08.2022,16,mar.,"23338,00",44
17.08.2022,17,mer.,"23203,60",41
18.08.2022,18,jeu.,"20831,30",30
19.08.2022,19,ven.,"21138,90",33
20.08.2022,20,sam.,"21517,20",29
21.08.2022,21,dim.,"21416,30",27
22.08.2022,22,lun.,"21517,20",29
23.08.2022,23,mar.,"21365,20",28
24.08.2022,24,mer.,"21565,40",25
25.08.2022,25,jeu.,"20249,90",25
26.08.2022,26,ven.,"20033,90",27
27.08.2022,27,sam.,"19550,20",28
28.08.2022,28,dim.,"20295,80",28
29.08.2022,29,lun.,"19792,60",24
30.08.2022,30,mar.,"20043,90",27
31.08.2022,31,mer.,"20126,10",23
01.09.2022,1,jeu.,"19952,70",20
02.09.2022,2,ven.,"19831,40",25
03.09.2022,3,sam.,"19999,90",21
04.09.2022,4,dim.,"19793,10",20
05.09.2022,5,lun.,"18786,40",23
06.09.2022,6,mar.,"19281,50",22
07.09.2022,7,mer.,"19317,40",24
08.09.2022,8,jeu.,"21365,20",20
09.09.2022,9,ven.,"21650,40",22
10.09.2022,10,sam.,"21834,90",28
11.09.2022,11,dim.,"22395,30",26
12.09.2022,12,lun.,"20175,50",25
13.09.2022,13,mar.,"20222,50",34
14.09.2022,14,mer.,"19701,70",27
15.09.2022,15,jeu.,"19802,40",28
16.09.2022,16,ven.,"20113,50",20
17.09.2022,17,sam.,"19418,80",22
18.09.2022,18,dim.,"19538,90",27
19.09.2022,19,lun.,"18872,40",21
20.09.2022,20,mar.,"18489,00",23
21.09.2022,21,mer.,"19404,00",23
22.09.2022,22,jeu.,"19293,50",22
23.09.2022,23,ven.,"18925,20",20
24.09.2022,24,sam.,"18803,20",24
25.09.2022,25,dim.,"19225,70",24
26.09.2022,26,lun.,"19081,00",21
27.09.2022,27,mar.,"19411,00",20
28.09.2022,28,mer.,"19593,00",20
29.09.2022,29,jeu.,"19423,00",22
30.09.2022,30,ven.,"19311,90",21
01.10.2022,1,sam.,"19052,20",20
02.10.2022,2,dim.,"19628,30",24
03.10.2022,3,lun.,"20340,20",24
04.10.2022,4,mar.,"20157,50",20
05.10.2022,5,mer.,"19956,70",25
06.10.2022,6,jeu.,"19531,30",26
07.10.2022,7,ven.,"19415,00",23
08.10.2022,8,sam.,"19441,00",24
09.10.2022,9,dim.,"19134,60",22
10.10.2022,10,lun.,"19059,10",22
11.10.2022,11,mar.,"19154,80",24
12.10.2022,12,mer.,"19379,80",20
13.10.2022,13,jeu.,"19181,80",20
14.10.2022,14,ven.,"19068,70",24
15.10.2022,15,sam.,"19261,90",24
16.10.2022,16,dim.,"19548,20",24
17.10.2022,17,lun.,"19328,20",20
18.10.2022,18,mar.,"19123,90",22
19.10.2022,19,mer.,"19042,90",23
20.10.2022,20,jeu.,"19162,60",23
21.10.2022,21,ven.,"19204,80",23
22.10.2022,22,sam.,"19571,20",20
23.10.2022,23,dim.,"19331,50",23
24.10.2022,24,lun.,"20082,70",22
25.10.2022,25,mar.,"20769,50",20
26.10.2022,26,mer.,"20292,90",33
27.10.2022,27,jeu.,"20594,40",32
28.10.2022,28,ven.,"20809,80",30
29.10.2022,29,sam.,"20626,30",34
30.10.2022,30,dim.,"20496,30",34
31.10.2022,31,lun.,"20483,50",31
01.11.2022,1,mar.,"20154,40",30
02.11.2022,2,mer.,"20206,40",30
03.11.2022,3,jeu.,"21145,90",30
04.11.2022,4,ven.,"21301,60",30
05.11.2022,5,sam.,"20916,30",38
06.11.2022,6,dim.,"20589,00",40
07.11.2022,7,lun.,"18527,40",33
08.11.2022,8,mar.,"15886,90",31
09.11.2022,9,mer.,"17589,10",29
10.11.2022,10,jeu.,"17049,90",22
11.11.2022,11,ven.,"16795,20",25
12.11.2022,12,sam.,"16324,50",21
13.11.2022,13,dim.,"16613,70",22
14.11.2022,14,lun.,"16895,10",24
15.11.2022,15,mar.,"16540,50",22
16.11.2022,16,mer.,"16691,20",23
17.11.2022,17,jeu.,"16638,30",20
18.11.2022,18,ven.,"16699,20",23
19.11.2022,19,sam.,"16286,70",23
20.11.2022,20,dim.,"15776,20",24
21.11.2022,21,lun.,"16212,90",21
22.11.2022,22,mar.,"16623,90",22
23.11.2022,23,mer.,"16601,20",22
24.11.2022,24,jeu.,"16512,30",20
25.11.2022,25,ven.,"16456,50",20
26.11.2022,26,sam.,"16425,60",22
27.11.2022,27,dim.,"16211,70",26
28.11.2022,28,lun.,"16440,40",28
29.11.2022,29,mar.,"17163,90",26
30.11.2022,30,mer.,"16972,00",29
01.12.2022,1,jeu.,"17093,60",27
02.12.2022,2,ven.,"16884,50",27
03.12.2022,3,sam.,"17112,60",27
04.12.2022,4,dim.,"16966,50",26
05.12.2022,5,lun.,"17089,30",26
06.12.2022,6,mar.,"16835,20",25
07.12.2022,7,mer.,"17225,70",29
08.12.2022,8,jeu.,"17125,70",25
09.12.2022,9,ven.,"17127,20",26
10.12.2022,10,sam.,"17093,30",27
11.12.2022,11,dim.,"17210,40",26
12.12.2022,12,lun.,"17778,60",27
13.12.2022,13,mar.,"17796,40",27
14.12.2022,14,mer.,"17356,10",30
15.12.2022,15,jeu.,"16629,60",31
16.12.2022,16,ven.,"16777,10",29
17.12.2022,17,sam.,"16741,10",28
18.12.2022,18,dim.,"16441,30",26
19.12.2022,19,lun.,"16902,80",29
20.12.2022,20,mar.,"16831,80",29
21.12.2022,21,mer.,"16820,60",26
22.12.2022,22,jeu.,"16779,10",28
23.12.2022,23,ven.,"16837,20",27
24.12.2022,24,sam.,"16831,80",29
25.12.2022,25,dim.,"16918,10",29
26.12.2022,26,lun.,"16706,10",28
27.12.2022,27,mar.,"16546,20",27
28.12.2022,28,mer.,"16636,40",28
29.12.2022,29,jeu.,"16607,20",28
30.12.2022,30,ven.,"16537,40",28
31.12.2022,31,sam.,"16618,40",25
01.01.2023,1,dim.,"16674,30",26
02.01.2023,2,lun.,"16674,20",27
03.01.2023,3,mar.,"16852,10",26
04.01.2023,4,mer.,"16829,80",29
05.01.2023,5,jeu.,"16950,90",29
06.01.2023,6,ven.,"16943,60",26
07.01.2023,7,sam.,"17119,00",25
08.01.2023,8,dim.,"17180,10",25
09.01.2023,9,lun.,"17439,10",25
10.01.2023,10,mar.,"17942,30",26
11.01.2023,11,mer.,"18851,30",26
12.01.2023,12,jeu.,"19927,00",30
13.01.2023,13,ven.,"20958,20",31
14.01.2023,14,sam.,"20879,80",46
15.01.2023,15,dim.,"21184,20",52
16.01.2023,16,lun.,"21137,10",45
17.01.2023,17,mar.,"20670,60",51
18.01.2023,18,mer.,"21081,20",52
19.01.2023,19,jeu.,"22677,20",45
20.01.2023,20,ven.,"22775,70",51
21.01.2023,21,sam.,"22707,80",53
22.01.2023,22,dim.,"22915,50",53
23.01.2023,23,lun.,"22632,50",50
24.01.2023,24,mar.,"23055,10",52
25.01.2023,25,mer.,"23016,00",51
26.01.2023,26,jeu.,"23074,60",54
27.01.2023,27,ven.,"23027,90",55
28.01.2023,28,sam.,"23753,10",52
29.01.2023,29,dim.,"22832,20",55
30.01.2023,30,lun.,"23125,10",61
31.01.2023,31,mar.,"23725,60",51
01.02.2023,1,mer.,"23427,60",56
02.02.2023,2,jeu.,"23431,20",60
03.02.2023,3,ven.,"23323,80",60
04.02.2023,4,sam.,"22936,00",58
05.02.2023,5,dim.,"22761,80",58
06.02.2023,6,lun.,"23251,70",56
07.02.2023,7,mar.,"22964,60",54
08.02.2023,8,mer.,"21792,50",58
09.02.2023,9,jeu.,"21635,00",55
10.02.2023,10,ven.,"21859,80",48
11.02.2023,11,sam.,"21786,80",49
12.02.2023,12,dim.,"21772,60",50
13.02.2023,13,lun.,"22198,50",48
14.02.2023,14,mar.,"24327,90",50
15.02.2023,15,mer.,"23539,60",53
16.02.2023,16,jeu.,"24573,50",62
17.02.2023,17,ven.,"24631,40",61
18.02.2023,18,sam.,"24302,90",60
19.02.2023,19,dim.,"24839,50",60
20.02.2023,20,lun.,"24450,70",58
21.02.2023,21,mar.,"24186,60",60
22.02.2023,22,mer.,"23936,30",59
23.02.2023,23,jeu.,"23191,50",56
24.02.2023,24,ven.,"23166,10",53
25.02.2023,25,sam.,"23558,70",52
26.02.2023,26,dim.,"23494,10",51
27.02.2023,27,lun.,"23130,50",50
28.02.2023,28,mar.,"23642,20",53
01.03.2023,1,mer.,"23465,40",50
02.03.2023,2,jeu.,"22354,40",51
03.03.2023,3,ven.,"22347,10",50
04.03.2023,4,sam.,"22428,30",50
05.03.2023,5,dim.,"22410,00",47
06.03.2023,6,lun.,"22197,80",48
07.03.2023,7,mar.,"21710,80",49
08.03.2023,8,mer.,"20361,80",50
09.03.2023,9,jeu.,"20156,70",44
10.03.2023,10,ven.,"20467,50",34
11.03.2023,11,sam.,"21994,80",33
12.03.2023,12,dim.,"24114,40",33
13.03.2023,13,lun.,"24699,70",49
14.03.2023,14,mar.,"24282,70",56
15.03.2023,15,mer.,"25004,10",50
16.03.2023,16,jeu.,"27391,80",52
17.03.2023,17,ven.,"26914,50",51
18.03.2023,18,sam.,"27958,70",64
19.03.2023,19,dim.,"27720,50",63
20.03.2023,20,lun.,"28114,00",66
21.03.2023,21,mar.,"27261,70",68
22.03.2023,22,mer.,"28310,70",62
23.03.2023,23,jeu.,"27462,20",57
24.03.2023,24,ven.,"27475,60",61
25.03.2023,25,sam.,"27973,50",64
26.03.2023,26,dim.,"27129,80",64
27.03.2023,27,lun.,"27262,20",64
28.03.2023,28,mar.,"28350,40",59
29.03.2023,29,mer.,"28029,50",57
30.03.2023,30,jeu.,"28473,70",60
31.03.2023,31,ven.,"28456,10",63
01.04.2023,1,sam.,"28198,30",61
02.04.2023,2,dim.,"27802,10",63
03.04.2023,3,lun.,"28164,40",63
04.04.2023,4,mar.,"28173,50",62
05.04.2023,5,mer.,"28036,70",62
06.04.2023,6,jeu.,"27910,40",63
07.04.2023,7,ven.,"27941,20",64
08.04.2023,8,sam.,"28326,60",61
09.04.2023,9,dim.,"29641,00",61
10.04.2023,10,lun.,"30209,60",62
11.04.2023,11,mar.,"29886,40",68
12.04.2023,12,mer.,"30387,40",65
13.04.2023,13,jeu.,"30472,50",61
14.04.2023,14,ven.,"30299,60",68
15.04.2023,15,sam.,"30310,30",68
16.04.2023,16,dim.,"29434,90",68
17.04.2023,17,lun.,"30382,20",69
18.04.2023,18,mar.,"28813,70",58
19.04.2023,19,mer.,"28240,50",63
20.04.2023,20,jeu.,"27264,80",52
21.04.2023,21,ven.,"27813,90",50
22.04.2023,22,sam.,"27591,40",53
23.04.2023,23,dim.,"27509,30",56
24.04.2023,24,lun.,"28298,80",53
25.04.2023,25,mar.,"28424,60",53
26.04.2023,26,mer.,"29475,90",56
27.04.2023,27,jeu.,"29321,80",59
28.04.2023,28,ven.,"29234,10",64
29.04.2023,29,sam.,"29252,10",64
30.04.2023,30,dim.,"28077,60",60
01.05.2023,1,lun.,"28669,10",63
02.05.2023,2,mar.,"29023,60",55
03.05.2023,3,mer.,"28842,10",64
04.05.2023,4,jeu.,"29513,20",64
05.05.2023,5,ven.,"28857,10",61
06.05.2023,6,sam.,"28424,80",60
07.05.2023,7,dim.,"27670,50",64
08.05.2023,8,lun.,"27634,90",60
09.05.2023,9,mar.,"27603,30",51
10.05.2023,10,mer.,"26983,50",52
11.05.2023,11,jeu.,"26799,20",52
12.05.2023,12,ven.,"26777,50",49
13.05.2023,13,sam.,"26920,00",48
14.05.2023,14,dim.,"27183,90",48
15.05.2023,15,lun.,"27035,30",50
16.05.2023,16,mar.,"27403,10",54
17.05.2023,17,mer.,"26828,00",50
18.05.2023,18,jeu.,"26882,90",51
19.05.2023,19,ven.,"27116,20",48
20.05.2023,20,sam.,"26749,90",48
21.05.2023,21,dim.,"26847,30",52
22.05.2023,22,lun.,"27220,70",49
23.05.2023,23,mar.,"26328,40",50
24.05.2023,24,mer.,"26475,80",50
25.05.2023,25,jeu.,"26711,50",51
26.05.2023,26,ven.,"26857,50",49
27.05.2023,27,sam.,"28071,20",48
28.05.2023,28,dim.,"27739,40",50
29.05.2023,29,lun.,"27698,20",52
30.05.2023,30,mar.,"27216,10",51
31.05.2023,31,mer.,"26819,00",51
01.06.2023,1,jeu.,"27244,70",52
02.06.2023,2,ven.,"27072,00",50
03.06.2023,3,sam.,"27122,30",53
04.06.2023,4,dim.,"25747,40",52
05.06.2023,5,lun.,"27230,20",53
06.06.2023,6,mar.,"26342,50",44
07.06.2023,7,mer.,"26501,10",53
08.06.2023,8,jeu.,"26479,30",50
09.06.2023,9,ven.,"25844,00",50
10.06.2023,10,sam.,"25928,40",49
11.06.2023,11,dim.,"25906,80",47
12.06.2023,12,lun.,"25929,40",47
13.06.2023,13,mar.,"25129,50",45
14.06.2023,14,mer.,"25591,30",46
15.06.2023,15,jeu.,"26341,30",41
16.06.2023,16,ven.,"26515,00",47
17.06.2023,17,sam.,"26339,70",47
18.06.2023,18,dim.,"26845,90",49
19.06.2023,19,lun.,"28307,70",47
20.06.2023,20,mar.,"29996,90",49
21.06.2023,21,mer.,"29890,50",59
22.06.2023,22,jeu.,"30679,40",65
23.06.2023,23,ven.,"30533,60",65
24.06.2023,24,sam.,"30465,30",62
25.06.2023,25,dim.,"30267,00",64
26.06.2023,26,lun.,"30689,10",55
27.06.2023,27,mar.,"30078,60",59
28.06.2023,28,mer.,"30445,70",62
29.06.2023,29,jeu.,"30472,90",54
30.06.2023,30,ven.,"30586,80",56
01.07.2023,1,sam.,"30617,70",59
02.07.2023,2,dim.,"31151,30",63
03.07.2023,3,lun.,"30768,40",62
04.07.2023,4,mar.,"30512,80",64
05.07.2023,5,mer.,"29913,10",61
06.07.2023,6,jeu.,"30346,40",56
07.07.2023,7,ven.,"30288,80",55
08.07.2023,8,sam.,"30166,90",58
09.07.2023,9,dim.,"30415,30",55
10.07.2023,10,lun.,"30623,30",56
11.07.2023,11,mar.,"30387,30",57
12.07.2023,12,mer.,"31466,10",64
13.07.2023,13,jeu.,"30317,40",57
14.07.2023,14,ven.,"30291,40",60
15.07.2023,15,sam.,"30235,50",56
16.07.2023,16,dim.,"30139,70",57
17.07.2023,17,lun.,"29866,80",54
18.07.2023,18,mar.,"29909,70",56
19.07.2023,19,mer.,"29801,00",50
20.07.2023,20,jeu.,"29903,10",56
21.07.2023,21,ven.,"29788,90",50
22.07.2023,22,sam.,"30085,90",52
23.07.2023,23,dim.,"29178,10",54
24.07.2023,24,lun.,"29228,60",55
25.07.2023,25,mar.,"29352,20",50
26.07.2023,26,mer.,"29222,70",51
27.07.2023,27,jeu.,"29315,00",51
28.07.2023,28,ven.,"29353,50",52
29.07.2023,29,sam.,"29281,70",52
30.07.2023,30,dim.,"29232,40",52
31.07.2023,31,lun.,"29712,20",50
01.08.2023,1,mar.,"29173,70",53
02.08.2023,2,mer.,"29189,30",53
03.08.2023,3,jeu.,"29105,50",52
04.08.2023,4,ven.,"29068,10",54
05.08.2023,5,sam.,"29081,30",50
06.08.2023,6,dim.,"29204,20",49
07.08.2023,7,lun.,"29777,40",49
08.08.2023,8,mar.,"29578,00",54
09.08.2023,9,mer.,"29449,00",50
10.08.2023,10,jeu.,"29420,80",53
11.08.2023,11,ven.,"29428,20",51
12.08.2023,12,sam.,"29300,10",54
13.08.2023,13,dim.,"29426,70",54
14.08.2023,14,lun.,"29195,30",50
15.08.2023,15,mar.,"28726,30",53
16.08.2023,16,mer.,"26635,70",52
17.08.2023,17,jeu.,"26053,20",50
18.08.2023,18,ven.,"26099,40",37
19.08.2023,19,sam.,"26190,80",39
20.08.2023,20,dim.,"26126,00",37
21.08.2023,21,lun.,"26039,90",38
22.08.2023,22,mar.,"26436,20",37
23.08.2023,23,mer.,"26177,00",37
24.08.2023,24,jeu.,"26057,20",41
25.08.2023,25,ven.,"26017,10",39
26.08.2023,26,sam.,"26100,60",38
27.08.2023,27,dim.,"26118,90",38
28.08.2023,28,lun.,"27723,90",39
29.08.2023,29,mar.,"27298,80",39
30.08.2023,30,mer.,"25937,30",49
31.08.2023,31,jeu.,"25803,20",52
01.09.2023,1,ven.,"25869,70",40
02.09.2023,2,sam.,"25971,00",39
03.09.2023,3,dim.,"25823,30",40
04.09.2023,4,lun.,"25790,20",40
05.09.2023,5,mar.,"25758,00",40
06.09.2023,6,mer.,"26249,80",42
07.09.2023,7,jeu.,"25909,50",41
08.09.2023,8,ven.,"25901,10",46
09.09.2023,9,sam.,"25840,20",41
10.09.2023,10,dim.,"25166,40",40
11.09.2023,11,lun.,"25834,50",40
12.09.2023,12,mar.,"26223,00",30
13.09.2023,13,mer.,"26524,70",41
14.09.2023,14,jeu.,"26601,00",45
15.09.2023,15,ven.,"26562,00",45
16.09.2023,16,sam.,"26529,10",43
17.09.2023,17,dim.,"26763,50",46
18.09.2023,18,lun.,"27209,20",46
19.09.2023,19,mar.,"27125,00",46
20.09.2023,20,mer.,"26570,00",47
21.09.2023,21,jeu.,"26581,90",47
22.09.2023,22,ven.,"26579,20",43
23.09.2023,23,sam.,"26251,50",47
24.09.2023,24,dim.,"26302,70",44
25.09.2023,25,lun.,"26218,90",47
26.09.2023,26,mar.,"26366,10",46
27.09.2023,27,mer.,"27022,60",44
28.09.2023,28,jeu.,"26909,80",46
29.09.2023,29,ven.,"26962,70",48
30.09.2023,30,sam.,"27974,50",47
01.10.2023,1,dim.,"27505,30",48
02.10.2023,2,lun.,"27428,40",50
03.10.2023,3,mar.,"27790,90",50
04.10.2023,4,mer.,"27410,30",49
05.10.2023,5,jeu.,"27936,90",48
06.10.2023,6,ven.,"27961,10",50
07.10.2023,7,sam.,"27922,70",49
08.10.2023,8,dim.,"27581,40",50
09.10.2023,9,lun.,"27391,00",50
10.10.2023,10,mar.,"26876,60",50
11.10.2023,11,mer.,"26761,10",47
12.10.2023,12,jeu.,"26863,50",45
13.10.2023,13,ven.,"26852,80",44
14.10.2023,14,sam.,"27161,20",47
15.10.2023,15,dim.,"28509,70",45
16.10.2023,16,lun.,"28403,60",47
17.10.2023,17,mar.,"28321,70",52
18.10.2023,18,mer.,"28723,00",50
19.10.2023,19,jeu.,"29674,50",52
20.10.2023,20,ven.,"29912,90",53
21.10.2023,21,sam.,"29984,20",63
22.10.2023,22,dim.,"33041,80",53
23.10.2023,23,lun.,"33917,00",53
24.10.2023,24,mar.,"34496,80",66
25.10.2023,25,mer.,"34153,70",72
26.10.2023,26,jeu.,"33901,80",71
27.10.2023,27,ven.,"34082,60",70
28.10.2023,28,sam.,"34526,70",65
29.10.2023,29,dim.,"34477,90",72
30.10.2023,30,lun.,"34650,60",68
31.10.2023,31,mar.,"35423,80",66
01.11.2023,1,mer.,"34931,40",66
02.11.2023,2,jeu.,"34718,70",72
03.11.2023,3,ven.,"35065,80",65
04.11.2023,4,sam.,"35019,40",68
05.11.2023,5,dim.,"35042,00",70
06.11.2023,6,lun.,"35426,10",74
07.11.2023,7,mar.,"35636,90",68
08.11.2023,8,mer.,"36700,50",66
09.11.2023,9,jeu.,"37303,00",69
10.11.2023,10,ven.,"37150,50",70
11.11.2023,11,sam.,"37064,40",70
12.11.2023,12,dim.,"36478,30",73
13.11.2023,13,lun.,"35549,30",72
14.11.2023,14,mar.,"37874,90",69
15.11.2023,15,mer.,"36161,20",60
16.11.2023,16,jeu.,"36595,40",70
17.11.2023,17,ven.,"36568,60",63
18.11.2023,18,sam.,"37354,20",69
19.11.2023,19,dim.,"37454,10",66
20.11.2023,20,lun.,"35813,60",69
21.11.2023,21,mar.,"37410,80",71
22.11.2023,22,mer.,"37293,10",62
23.11.2023,23,jeu.,"37717,30",66
24.11.2023,24,ven.,"37787,00",66
25.11.2023,25,sam.,"37451,80",73
26.11.2023,26,dim.,"37248,60",73
27.11.2023,27,lun.,"37823,30",66
28.11.2023,28,mar.,"37855,50",68
29.11.2023,29,mer.,"37712,90",72
30.11.2023,30,jeu.,"38688,20",74
01.12.2023,1,ven.,"39458,40",71
02.12.2023,2,sam.,"39970,20",74
03.12.2023,3,dim.,"41987,80",73
04.12.2023,4,lun.,"44076,20",74
05.12.2023,5,mar.,"43776,30",75
06.12.2023,6,mer.,"43289,70",72
07.12.2023,7,jeu.,"44175,50",72
08.12.2023,8,ven.,"43718,40",72
09.12.2023,9,sam.,"43791,00",73
10.12.2023,10,dim.,"41256,10",74
11.12.2023,11,lun.,"41487,00",74
12.12.2023,12,mar.,"42884,50",67
13.12.2023,13,mer.,"43025,90",65
14.12.2023,14,jeu.,"41929,00",72
15.12.2023,15,ven.,"42271,70",70
16.12.2023,16,sam.,"41368,70",67
17.12.2023,17,dim.,"42659,70",73
18.12.2023,18,lun.,"42259,30",65
19.12.2023,19,mar.,"43662,80",73
20.12.2023,20,mer.,"43865,90",74
21.12.2023,21,jeu.,"43968,90",70
22.12.2023,22,ven.,"43710,40",74
23.12.2023,23,sam.,"42981,50",70
24.12.2023,24,dim.,"43578,50",71
25.12.2023,25,lun.,"42513,30",73
26.12.2023,26,mar.,"43446,50",71
27.12.2023,27,mer.,"42581,10",73
28.12.2023,28,jeu.,"42072,40",73
29.12.2023,29,ven.,"42136,70",65
30.12.2023,30,sam.,"42272,50",68
31.12.2023,31,dim.,"44183,40",67
01.01.2024,1,lun.,"44943,70",65
02.01.2024,2,mar.,"42836,10",71
03.01.2024,3,mer.,"44157,00",70
04.01.2024,4,jeu.,"44156,90",68
05.01.2024,5,ven.,"43967,90",72
06.01.2024,6,sam.,"43927,30",70
07.01.2024,7,dim.,"46962,20",71
08.01.2024,8,lun.,"46129,00",71
09.01.2024,9,mar.,"46629,30",76
10.01.2024,10,mer.,"46348,20",73
11.01.2024,11,jeu.,"42835,90",76
12.01.2024,12,ven.,"42851,30",71
13.01.2024,13,sam.,"41746,10",64
14.01.2024,14,dim.,"42510,70",60
15.01.2024,15,lun.,"43145,50",52
16.01.2024,16,mar.,"42768,70",64
17.01.2024,17,mer.,"41292,70",60
18.01.2024,18,jeu.,"41648,00",63
19.01.2024,19,ven.,"41695,40",51
20.01.2024,20,sam.,"41583,20",52
21.01.2024,21,dim.,"39556,40",56
22.01.2024,22,lun.,"39888,80",55
23.01.2024,23,mar.,"40086,00",50
24.01.2024,24,mer.,"39935,70",48
25.01.2024,25,jeu.,"41811,30",52
26.01.2024,26,ven.,"42120,90",49
27.01.2024,27,sam.,"42030,70",55
28.01.2024,28,dim.,"43299,80",54
29.01.2024,29,lun.,"42946,20",55
30.01.2024,30,mar.,"42580,50",61
31.01.2024,31,mer.,"43081,40",60
01.02.2024,1,jeu.,"43194,70",63
02.02.2024,2,ven.,"43005,70",63
03.02.2024,3,sam.,"42581,40",60
04.02.2024,4,dim.,"42697,20",60
05.02.2024,5,lun.,"43087,70",60
06.02.2024,6,mar.,"44339,80",64
07.02.2024,7,mer.,"45293,30",62
08.02.2024,8,jeu.,"47127,50",66
09.02.2024,9,ven.,"47758,20",72
10.02.2024,10,sam.,"48277,30",74
11.02.2024,11,dim.,"49941,30",71
12.02.2024,12,lun.,"49716,00",70
13.02.2024,13,mar.,"51782,40",79
14.02.2024,14,mer.,"51901,30",74
15.02.2024,15,jeu.,"52134,20",72
16.02.2024,16,ven.,"51646,00",72
17.02.2024,17,sam.,"52117,50",76
18.02.2024,18,dim.,"51783,60",72
19.02.2024,19,lun.,"52263,50",75
20.02.2024,20,mar.,"51858,20",72
21.02.2024,21,mer.,"51320,40",78
22.02.2024,22,jeu.,"50740,50",74
23.02.2024,23,ven.,"51571,60",76
24.02.2024,24,sam.,"51722,70",72
25.02.2024,25,dim.,"54495,10",74
26.02.2024,26,lun.,"57056,20",72
27.02.2024,27,mar.,"62467,60",79
28.02.2024,28,mer.,"61169,30",82
29.02.2024,29,jeu.,"62397,70",80
01.03.2024,1,ven.,"61994,50",80
02.03.2024,2,sam.,"63135,80",80
03.03.2024,3,dim.,"68270,10",83
04.03.2024,4,lun.,"63792,60",82
05.03.2024,5,mar.,"66080,40",90
06.03.2024,6,mer.,"66855,30",75
07.03.2024,7,jeu.,"68172,00",82
08.03.2024,8,ven.,"68366,50",81
09.03.2024,9,sam.,"68964,80",84
10.03.2024,10,dim.,"72099,10",79
11.03.2024,11,lun.,"71470,20",82
12.03.2024,12,mar.,"73066,30",81
13.03.2024,13,mer.,"71387,50",81
14.03.2024,14,jeu.,"69463,70",88
15.03.2024,15,ven.,"65314,20",83
16.03.2024,16,sam.,"68391,20",81
17.03.2024,17,dim.,"67594,10",79
18.03.2024,18,lun.,"62050,00",77
19.03.2024,19,mar.,"67854,00",79
20.03.2024,20,mer.,"65503,80",74
21.03.2024,21,jeu.,"63785,50",78
22.03.2024,22,ven.,"64037,80",75
23.03.2024,23,sam.,"67211,90",73
24.03.2024,24,dim.,"69892,00",74
25.03.2024,25,lun.,"69999,30",75
26.03.2024,26,mar.,"69442,40",81
27.03.2024,27,mer.,"70762,10",83
28.03.2024,28,jeu.,"69871,70",80
29.03.2024,29,ven.,"69611,50",79
30.03.2024,30,sam.,"71332,00",75
31.03.2024,31,dim.,"69664,40",75
01.04.2024,1,lun.,"65439,20",79
02.04.2024,2,mar.,"65963,00",79
03.04.2024,3,mer.,"68496,50",71
04.04.2024,4,jeu.,"67830,60",70
05.04.2024,5,ven.,"68890,60",79
06.04.2024,6,sam.,"69360,40",75
07.04.2024,7,dim.,"71630,10",78
08.04.2024,8,lun.,"69148,00",76
09.04.2024,9,mar.,"70622,10",80
10.04.2024,10,mer.,"70011,60",78
11.04.2024,11,jeu.,"67151,90",76
12.04.2024,12,ven.,"63849,90",79
13.04.2024,13,sam.,"65697,40",72
14.04.2024,14,dim.,"63411,90",72
15.04.2024,15,lun.,"63805,30",74
16.04.2024,16,mar.,"61278,90",65
17.04.2024,17,mer.,"63481,40",67
18.04.2024,18,jeu.,"63799,10",57
19.04.2024,19,ven.,"64961,10",66
20.04.2024,20,sam.,"64940,20",66
21.04.2024,21,dim.,"66829,30",72
22.04.2024,22,lun.,"66415,00",73
23.04.2024,23,mar.,"64285,70",71
24.04.2024,24,mer.,"64497,10",72
25.04.2024,25,jeu.,"63766,40",72
26.04.2024,26,ven.,"63456,80",70
27.04.2024,27,sam.,"63109,70",67
28.04.2024,28,dim.,"63860,10",65
29.04.2024,29,lun.,"60666,60",67
30.04.2024,30,mar.,"58331,20",67
01.05.2024,1,mer.,"59121,30",54
02.05.2024,2,jeu.,"62877,50",43
03.05.2024,3,ven.,"63888,30",48
04.05.2024,4,sam.,"64006,40",67
05.05.2024,5,dim.,"63163,10",69
06.05.2024,6,lun.,"62317,70",71
07.05.2024,7,mar.,"61207,50",68
08.05.2024,8,mer.,"63075,00",64
09.05.2024,9,jeu.,"60796,90",55
10.05.2024,10,ven.,"60826,60",66
11.05.2024,11,sam.,"61480,00",53
12.05.2024,12,dim.,"62937,20",56
13.05.2024,13,lun.,"61569,40",57
14.05.2024,14,mar.,"66225,10",66
15.05.2024,15,mer.,"65231,00",64
16.05.2024,16,jeu.,"67036,80",70
17.05.2024,17,ven.,"66917,50",74
18.05.2024,18,sam.,"66279,10",73
19.05.2024,19,dim.,"71422,70",72
20.05.2024,20,lun.,"70139,90",70
21.05.2024,21,mar.,"69155,40",76
22.05.2024,22,mer.,"67975,70",76
23.05.2024,23,jeu.,"68547,60",76
24.05.2024,24,ven.,"69284,40",74
25.05.2024,25,sam.,"68514,80",76
26.05.2024,26,dim.,"69428,70",75
27.05.2024,27,lun.,"68366,00",74
28.05.2024,28,mar.,"67635,80",72
29.05.2024,29,mer.,"68354,70",72
30.05.2024,30,jeu.,"67530,10",73
31.05.2024,31,ven.,"67760,80",73
01.06.2024,1,sam.,"67773,50",72
02.06.2024,2,dim.,"68807,80",73
03.06.2024,3,lun.,"70549,20",73
04.06.2024,4,mar.,"71083,70",73
05.06.2024,5,mer.,"70791,50",75
06.06.2024,6,jeu.,"69347,90",78
07.06.2024,7,ven.,"69310,10",77
08.06.2024,8,sam.,"69650,60",72
09.06.2024,9,dim.,"69538,20",75
10.06.2024,10,lun.,"67319,80",72
11.06.2024,11,mar.,"68260,10",74
12.06.2024,12,mer.,"66773,10",72
13.06.2024,13,jeu.,"66034,80",70
14.06.2024,14,ven.,"66223,00",74
15.06.2024,15,sam.,"66674,70",74
16.06.2024,16,dim.,"66498,80",71
17.06.2024,17,lun.,"65159,90",71
18.06.2024,18,mar.,"64980,90",74
19.06.2024,19,mer.,"64854,30",64
20.06.2024,20,jeu.,"64128,50",60
21.06.2024,21,ven.,"64261,00",63
22.06.2024,22,sam.,"63196,20",53
23.06.2024,23,dim.,"60292,70",55
24.06.2024,24,lun.,"61809,40",51
25.06.2024,25,mar.,"60849,40",30
26.06.2024,26,mer.,"61685,30",46
27.06.2024,27,jeu.,"60403,30",40
28.06.2024,28,ven.,"60973,40",47
29.06.2024,29,sam.,"62754,30",30
30.06.2024,30,dim.,"62890,10",47
01.07.2024,1,lun.,"62103,30",53
02.07.2024,2,mar.,"60199,30",51
03.07.2024,3,mer.,"57026,30",50
04.07.2024,4,jeu.,"56641,80",44
05.07.2024,5,ven.,"58259,20",29
06.07.2024,6,sam.,"55861,10",26
07.07.2024,7,dim.,"56724,70",29
08.07.2024,8,lun.,"58039,40",28
09.07.2024,9,mar.,"57746,70",27
10.07.2024,10,mer.,"57337,30",28
11.07.2024,11,jeu.,"57885,10",29
12.07.2024,12,ven.,"59209,80",25
13.07.2024,13,sam.,"60794,90",25
14.07.2024,14,dim.,"64782,40",33
15.07.2024,15,lun.,"65049,70",52
16.07.2024,16,mar.,"64089,20",65
17.07.2024,17,mer.,"63980,50",69
18.07.2024,18,jeu.,"66677,40",61
19.07.2024,19,ven.,"67148,50",60
20.07.2024,20,sam.,"68158,70",74
21.07.2024,21,dim.,"67553,60",74
22.07.2024,22,lun.,"65937,80",70
23.07.2024,23,mar.,"65370,50",71
24.07.2024,24,mer.,"65799,30",69
25.07.2024,25,jeu.,"67908,60",68
26.07.2024,26,ven.,"67843,10",68
27.07.2024,27,sam.,"68256,30",72
28.07.2024,28,dim.,"66798,70",71
29.07.2024,29,lun.,"66184,90",74
30.07.2024,30,mar.,"64626,00",67
31.07.2024,31,mer.,"65372,90",61
01.08.2024,1,jeu.,"61478,70",52
02.08.2024,2,ven.,"60696,70",57
03.08.2024,3,sam.,"58141,80",37
04.08.2024,4,dim.,"53979,00",34
05.08.2024,5,lun.,"56057,80",26
06.08.2024,6,mar.,"55120,90",17
07.08.2024,7,mer.,"61699,70",29
08.08.2024,8,jeu.,"60850,60",20
09.08.2024,9,ven.,"60931,70",48
10.08.2024,10,sam.,"58713,30",40
11.08.2024,11,dim.,"59350,00",39
12.08.2024,12,lun.,"60595,20",25
13.08.2024,13,mar.,"58707,80",31
14.08.2024,14,mer.,"57534,60",30
15.08.2024,15,jeu.,"58877,20",29
16.08.2024,16,ven.,"59483,10",27
17.08.2024,17,sam.,"58446,30",25
18.08.2024,18,dim.,"59470,90",31
19.08.2024,19,lun.,"59005,80",28
20.08.2024,20,mar.,"61158,10",30
21.08.2024,21,mer.,"60372,20",26
22.08.2024,22,jeu.,"64053,10",39
23.08.2024,23,ven.,"64159,30",34
24.08.2024,24,sam.,"64273,20",56
25.08.2024,25,dim.,"62846,20",54
26.08.2024,26,lun.,"59450,90",55
27.08.2024,27,mar.,"59016,00",48
28.08.2024,28,mer.,"59373,50",30
29.08.2024,29,jeu.,"59119,70",29
30.08.2024,30,ven.,"58978,60",34
31.08.2024,31,sam.,"57315,70",29
01.09.2024,1,dim.,"59134,00",26
02.09.2024,2,lun.,"57479,80",26
03.09.2024,3,mar.,"57973,40",26
04.09.2024,4,mer.,"56183,20",27
05.09.2024,5,jeu.,"53966,80",29
06.09.2024,6,ven.,"54156,50",22
07.09.2024,7,sam.,"54861,30",23
08.09.2024,8,dim.,"57049,60",29
09.09.2024,9,lun.,"57635,00",26
10.09.2024,10,mar.,"57338,70",33
11.09.2024,11,mer.,"58134,50",37
12.09.2024,12,jeu.,"60511,60",31
13.09.2024,13,ven.,"59995,40",32
14.09.2024,14,sam.,"59138,50",50
15.09.2024,15,dim.,"58213,10",51
16.09.2024,16,lun.,"60309,10",39
17.09.2024,17,mar.,"61757,60",33
18.09.2024,18,mer.,"62938,60",45
19.09.2024,19,jeu.,"63201,20",49
20.09.2024,20,ven.,"63348,10",54
21.09.2024,21,sam.,"63572,70",54
22.09.2024,22,dim.,"63331,80",52
23.09.2024,23,lun.,"64256,80",50
24.09.2024,24,mar.,"63156,50",54
25.09.2024,25,mer.,"65175,70",59
26.09.2024,26,jeu.,"65776,30",50
27.09.2024,27,ven.,"65866,50",61
28.09.2024,28,sam.,"65607,10",64
29.09.2024,29,dim.,"63339,20",63
30.09.2024,30,lun.,"60835,50",61
01.10.2024,1,mar.,"60645,70",50
02.10.2024,2,mer.,"60751,20",42
03.10.2024,3,jeu.,"62081,00",37
04.10.2024,4,ven.,"62061,40",41
05.10.2024,5,sam.,"62819,40",49
06.10.2024,6,dim.,"62245,60",50
07.10.2024,7,lun.,"62157,00",50
08.10.2024,8,mar.,"60628,80",49
09.10.2024,9,mer.,"60316,20",49
10.10.2024,10,jeu.,"62499,40",39
11.10.2024,11,ven.,"63205,10",32
12.10.2024,12,sam.,"62870,90",49
13.10.2024,13,dim.,"66081,70",50
14.10.2024,14,lun.,"67077,50",48
15.10.2024,15,mar.,"67617,90",65
16.10.2024,16,mer.,"67418,40",73
17.10.2024,17,jeu.,"68423,10",71
18.10.2024,18,ven.,"68372,00",73
19.10.2024,19,sam.,"69030,50",72
20.10.2024,20,dim.,"67371,30",73
21.10.2024,21,lun.,"67427,30",72
22.10.2024,22,mar.,"66663,70",70
23.10.2024,23,mer.,"68191,50",71
24.10.2024,24,jeu.,"66696,80",69
25.10.2024,25,ven.,"67086,80",72
27.10.2024,27,dim.,"68004,60",74
28.10.2024,28,lun.,"69954,10",72
29.10.2024,29,mar.,"72730,40",72
30.10.2024,30,mer.,"72347,80",77
31.10.2024,31,jeu.,"70281,80",77
01.11.2024,1,ven.,"69507,20",75
02.11.2024,2,sam.,"69325,80",72
03.11.2024,3,dim.,"68769,60",74
04.11.2024,4,lun.,"67848,80",70
05.11.2024,5,mar.,"69373,70",70
06.11.2024,6,mer.,"75586,30",70
07.11.2024,7,jeu.,"75868,60",77
08.11.2024,8,ven.,"76517,30",75
09.11.2024,9,sam.,"76700,30",75
10.11.2024,10,dim.,"80388,50",78
11.11.2024,11,lun.,"88664,10",76
12.11.2024,12,mar.,"87941,30",80
13.11.2024,13,mer.,"90422,20",84
14.11.2024,14,jeu.,"87294,00",88
15.11.2024,15,ven.,"91046,50",80
16.11.2024,16,sam.,"90539,10",86
17.11.2024,17,dim.,"89833,70",90
18.11.2024,18,lun.,"90478,70",83
19.11.2024,19,mar.,"92239,20",90
20.11.2024,20,mer.,"94303,90",83
21.11.2024,21,jeu.,"98374,50",82
22.11.2024,22,ven.,"98929,70",94
23.11.2024,23,sam.,"97699,00",93
24.11.2024,24,dim.,"97935,20",80
25.11.2024,25,lun.,"93064,40",82
26.11.2024,26,mar.,"91977,60",79
27.11.2024,27,mer.,"95886,60",75
28.11.2024,28,jeu.,"95645,50",77
29.11.2024,29,ven.,"97438,00",78
30.11.2024,30,sam.,"96405,70",84
01.12.2024,1,dim.,"97201,40",81
02.12.2024,2,lun.,"95846,60",80
03.12.2024,3,mar.,"95898,70",76
04.12.2024,4,mer.,"98635,80",78
05.12.2024,5,jeu.,"96970,80",84
06.12.2024,6,ven.,"99760,70",72
07.12.2024,7,sam.,"99837,00",75
08.12.2024,8,dim.,"101115,80",79
09.12.2024,9,lun.,"97359,40",78
10.12.2024,10,mar.,"96600,30",78
11.12.2024,11,mer.,"101126,20",74
12.12.2024,12,jeu.,"100009,90",83
13.12.2024,13,ven.,"101426,20",76
14.12.2024,14,sam.,"101417,70",83
15.12.2024,15,dim.,"104443,00",80
16.12.2024,16,lun.,"106057,60",83
17.12.2024,17,mar.,"106138,90",87
18.12.2024,18,mer.,"100197,80",81
19.12.2024,19,jeu.,"97466,10",75
20.12.2024,20,ven.,"97795,70",74
21.12.2024,21,sam.,"97253,30",73
22.12.2024,22,dim.,"95183,80",73
23.12.2024,23,lun.,"94852,10",70
24.12.2024,24,mar.,"98668,10",73
25.12.2024,25,mer.,"99391,30",73
26.12.2024,26,jeu.,"95777,70",79
27.12.2024,27,ven.,"94275,90",74
28.12.2024,28,sam.,"95284,50",72
29.12.2024,29,dim.,"93716,30",73
30.12.2024,30,lun.,"92779,80",65
31.12.2024,31,mar.,"93557,20",64
01.01.2025,1,mer.,"94560,20",66
02.01.2025,2,jeu.,"96960,00",70
03.01.2025,3,ven.,"98167,50",74
04.01.2025,4,sam.,"98219,90",73
05.01.2025,5,dim.,"98347,70",72
06.01.2025,6,lun.,"102248,70",76
07.01.2025,7,mar.,"96929,80",78
08.01.2025,8,mer.,"95066,60",70
09.01.2025,9,jeu.,"92539,80",69
10.01.2025,10,ven.,"94724,10",50
11.01.2025,11,sam.,"94612,00",69
12.01.2025,12,dim.,"94541,80",62
13.01.2025,13,lun.,"94536,10",61
14.01.2025,14,mar.,"96542,10",63
15.01.2025,15,mer.,"100499,80",70
16.01.2025,16,jeu.,"100004,50",75
17.01.2025,17,ven.,"104084,90",75
18.01.2025,18,sam.,"104536,90",77
19.01.2025,19,dim.,"101319,50",77
20.01.2025,20,lun.,"102197,70",76
21.01.2025,21,mar.,"106157,20",76
22.01.2025,22,mer.,"103684,80",84
23.01.2025,23,jeu.,"103912,10",75
24.01.2025,24,ven.,"104862,30",75
25.01.2025,25,sam.,"104742,90",75
26.01.2025,26,dim.,"102637,80",73
27.01.2025,27,lun.,"102091,70",71
28.01.2025,28,mar.,"101349,30",72
29.01.2025,29,mer.,"103722,00",72
30.01.2025,30,jeu.,"104726,90",70
31.01.2025,31,ven.,"102424,20",76
01.02.2025,1,sam.,"100648,00",68
02.02.2025,2,dim.,"97684,90",60
03.02.2025,3,lun.,"101337,10",44
04.02.2025,4,mar.,"97793,40",72
05.02.2025,5,mer.,"96595,30",54
06.02.2025,6,jeu.,"96568,80",49
07.02.2025,7,ven.,"96513,50",44
08.02.2025,8,sam.,"96447,90",44
09.02.2025,9,dim.,"96469,20",46
10.02.2025,10,lun.,"97434,70",43
11.02.2025,11,mar.,"95771,70",47
12.02.2025,12,mer.,"97881,30",46
13.02.2025,13,jeu.,"96610,20",50
14.02.2025,14,ven.,"97504,60",48
15.02.2025,15,sam.,"97573,40",50
16.02.2025,16,dim.,"96132,10",54
17.02.2025,17,lun.,"95781,30",51
18.02.2025,18,mar.,"95638,00",47
19.02.2025,19,mer.,"96644,80",44
20.02.2025,20,jeu.,"98310,30",49
21.02.2025,21,ven.,"96155,60",55
22.02.2025,22,sam.,"96556,10",49
23.02.2025,23,dim.,"96258,80",50
24.02.2025,24,lun.,"91508,50",49
25.02.2025,25,mar.,"88686,00",25
26.02.2025,26,mer.,"84212,70",21
27.02.2025,27,jeu.,"84714,60",10
28.02.2025,28,ven.,"84381,20",16
01.03.2025,1,sam.,"86071,60",20
02.03.2025,2,dim.,"94265,10",26
03.03.2025,3,lun.,"86209,70",33
04.03.2025,4,mar.,"87266,30",15
05.03.2025,5,mer.,"90611,70",20
06.03.2025,6,jeu.,"89930,90",25
07.03.2025,7,ven.,"86531,20",34
08.03.2025,8,sam.,"86221,90",28
09.03.2025,9,dim.,"80691,60",27
10.03.2025,10,lun.,"78575,90",20
11.03.2025,11,mar.,"82921,10",24
12.03.2025,12,mer.,"83664,30",34
13.03.2025,13,jeu.,"81100,20",45
14.03.2025,14,ven.,"83977,10",27
15.03.2025,15,sam.,"84341,30",46
16.03.2025,16,dim.,"82578,40",30
17.03.2025,17,lun.,"84019,10",32
18.03.2025,18,mar.,"82719,10",34
19.03.2025,19,mer.,"86841,00",32
20.03.2025,20,jeu.,"84208,10",49
21.03.2025,21,ven.,"84073,30",31
22.03.2025,22,sam.,"83840,50",32
23.03.2025,23,dim.,"86077,40",30
24.03.2025,24,lun.,"87490,00",45
25.03.2025,25,mar.,"87404,00",46
26.03.2025,26,mer.,"86912,00",47
27.03.2025,27,jeu.,"87228,20",40
28.03.2025,28,ven.,"84410,40",44
29.03.2025,29,sam.,"82645,70",26
30.03.2025,30,dim.,"82371,60",32
31.03.2025,31,lun.,"82548,80",34
01.04.2025,1,mar.,"85164,20",34
02.04.2025,2,mer.,"82525,00",44
03.04.2025,3,jeu.,"83159,40",25
04.04.2025,4,ven.,"83866,70",28
05.04.2025,5,sam.,"83552,10",30
06.04.2025,6,dim.,"78391,30",34
07.04.2025,7,lun.,"79162,50",23
08.04.2025,8,mar.,"76312,50",24
09.04.2025,9,mer.,"82607,00",18
10.04.2025,10,jeu.,"79607,50",39
11.04.2025,11,ven.,"83413,10",25
12.04.2025,12,sam.,"85292,70",43
13.04.2025,13,dim.,"83734,40",45
14.04.2025,14,lun.,"84586,40",31
15.04.2025,15,mar.,"83647,00",38
16.04.2025,16,mer.,"84032,20",29
17.04.2025,17,jeu.,"84940,00",30
18.04.2025,18,ven.,"84474,60",33
19.04.2025,19,sam.,"85068,10",32
20.04.2025,20,dim.,"85179,00",37
21.04.2025,21,lun.,"87516,00",39
22.04.2025,22,mar.,"93441,90",47
23.04.2025,23,mer.,"93697,70",72
24.04.2025,24,jeu.,"93980,30",63
25.04.2025,25,ven.,"94676,90",60
26.04.2025,26,sam.,"94631,40",65
27.04.2025,27,dim.,"93742,50",61
28.04.2025,28,lun.,"94995,00",54
29.04.2025,29,mar.,"94269,80",60
30.04.2025,30,mer.,"94184,40",56
01.05.2025,1,jeu.,"96499,30",53
02.05.2025,2,ven.,"96894,40",67
03.05.2025,3,sam.,"95885,80",65
04.05.2025,4,dim.,"94316,90",64
05.05.2025,5,lun.,"94745,20",52
06.05.2025,6,mar.,"96825,40",59
07.05.2025,7,mer.,"97035,10",67
08.05.2025,8,jeu.,"103274,30",65
09.05.2025,9,ven.,"102975,10",73
10.05.2025,10,sam.,"104798,00",70
11.05.2025,11,dim.,"104119,20",70
12.05.2025,12,lun.,"102795,00",70
13.05.2025,13,mar.,"104119,20",70
14.05.2025,14,mer.,"103513,90",73
15.05.2025,15,jeu.,"103765,40",70
16.05.2025,16,ven.,"103480,50",71
17.05.2025,17,sam.,"103112,60",74
18.05.2025,18,dim.,"106504,50",74
19.05.2025,19,lun.,"105585,80",74
20.05.2025,20,mar.,"106815,80",71
21.05.2025,21,mer.,"109640,10",70
22.05.2025,22,jeu.,"111702,70",72
23.05.2025,23,ven.,"107313,40",78
24.05.2025,24,sam.,"107763,00",66
25.05.2025,25,dim.,"109021,10",74
26.05.2025,26,lun.,"109455,30",73
27.05.2025,27,mar.,"108944,00",74
28.05.2025,28,mer.,"107786,70",71
29.05.2025,29,jeu.,"105600,00",74
30.05.2025,30,ven.,"103981,30",60
31.05.2025,31,sam.,"104598,00",50
01.06.2025,1,dim.,"105635,20",56
02.06.2025,2,lun.,"105845,60",64
03.06.2025,3,mar.,"105388,30",64
04.06.2025,4,mer.,"104695,60",62
05.06.2025,5,jeu.,"104797,20",57